act1,act2,experiment,n_seeds,acc_mean,acc_std,acc_ci95,acc_min,acc_max,f1_mean,f1_std,prec_mean,rec_mean,single,delta,cell
ReLU,LeakyReLU,BiGRU+GRU,5,87.806,0.167,0.207,87.52,87.93,87.796,0.244,87.876,87.744,87.81,-0.0040000000000048885,ReLU+LeakyReLU
PReLU,ReLU,BiGRU+GRU,5,87.712,0.175,0.218,87.48,87.87,87.666,0.217,88.016,87.356,87.73,-0.018000000000000682,PReLU+ReLU
Tanh,GELU,BiGRU+GRU,5,87.712,0.288,0.357,87.42,88.1,87.752,0.229,87.502,88.056,87.98,-0.2680000000000007,Tanh+GELU
PReLU,GELU,BiGRU+GRU,5,87.682,0.277,0.344,87.21,87.89,87.714,0.575,87.49,88.016,87.33,0.35200000000000387,PReLU+GELU
SiLU,GELU,BiGRU+GRU,5,87.682,0.18,0.223,87.43,87.86,87.63,0.415,87.996,87.324,87.1,0.5820000000000078,SiLU+GELU
SELU,Tanh,BiGRU+GRU,5,87.672,0.305,0.378,87.47,88.21,87.67,0.441,87.706,87.704,87.29,0.3819999999999908,SELU+Tanh
ReLU,GELU,BiGRU+GRU,5,87.67,0.195,0.242,87.48,87.94,87.754,0.104,87.17,88.36,87.74,-0.06999999999999318,ReLU+GELU
PReLU,SiLU,BiGRU+GRU,5,87.65,0.268,0.333,87.36,88.0,87.652,0.456,87.642,87.72,87.87,-0.21999999999999886,PReLU+SiLU
Tanh,LeakyReLU,BiGRU+GRU,5,87.63,0.305,0.379,87.13,87.87,87.776,0.26,86.834,88.844,87.24,0.39000000000000057,Tanh+LeakyReLU
Hardswish,GELU,BiGRU+GRU,5,87.626,0.297,0.369,87.24,87.87,87.6,0.411,87.78,87.448,87.08,0.5460000000000065,Hardswish+GELU
SiLU,ELU,BiGRU+GRU,5,87.626,0.332,0.413,87.34,88.16,87.548,0.592,88.082,87.108,87.35,0.27600000000001046,SiLU+ELU
Hardswish,Mish,BiGRU+GRU,5,87.626,0.171,0.212,87.37,87.81,87.658,0.315,87.42,87.928,87.4,0.2259999999999991,Hardswish+Mish
ELU,SiLU,BiGRU+GRU,5,87.626,0.27,0.335,87.38,88.07,87.606,0.368,87.768,87.492,87.32,0.3060000000000116,ELU+SiLU
Hardswish,ReLU,BiGRU+GRU,5,87.622,0.325,0.404,87.09,87.86,87.554,0.617,88.042,87.16,87.44,0.18200000000000216,Hardswish+ReLU
SELU,Hardswish,BiGRU+GRU,5,87.612,0.434,0.539,86.88,87.97,87.578,0.832,87.798,87.496,87.33,0.2819999999999965,SELU+Hardswish
SiLU,SELU,BiGRU+GRU,5,87.606,0.268,0.333,87.3,87.91,87.622,0.284,87.564,87.768,86.92,0.6859999999999928,SiLU+SELU
ELU,Mish,BiGRU+GRU,5,87.602,0.163,0.202,87.37,87.77,87.606,0.258,87.586,87.64,87.29,0.3119999999999976,ELU+Mish
ReLU,Tanh,BiGRU+GRU,5,87.602,0.237,0.294,87.31,87.88,87.6,0.476,87.616,87.664,87.43,0.17199999999999704,ReLU+Tanh
LeakyReLU,SiLU,BiGRU+GRU,5,87.602,0.422,0.524,87.03,88.11,87.504,0.56,88.194,86.848,86.8,0.8020000000000067,LeakyReLU+SiLU
LeakyReLU,GELU,BiGRU+GRU,5,87.6,0.29,0.36,87.29,88.03,87.766,0.114,86.656,88.96,87.24,0.35999999999999943,LeakyReLU+GELU
GELU,Tanh,BiGRU+GRU,5,87.598,0.282,0.35,87.26,88.01,87.668,0.474,87.21,88.22,87.13,0.4680000000000035,GELU+Tanh
SiLU,SiLU,BiGRU+GRU,5,87.598,0.219,0.272,87.43,87.94,87.396,0.432,88.836,86.048,87.65,-0.05200000000000671,SiLU+SiLU
ELU,PReLU,BiGRU+GRU,5,87.594,0.396,0.492,86.96,87.96,87.7,0.344,86.97,88.46,88.02,-0.42600000000000193,ELU+PReLU
PReLU,PReLU,BiGRU+GRU,5,87.592,0.406,0.504,87.09,88.22,87.56,0.638,87.76,87.428,87.52,0.07200000000000273,PReLU+PReLU
Hardswish,LeakyReLU,BiGRU+GRU,5,87.59,0.251,0.312,87.3,87.83,87.682,0.24,87.06,88.348,86.96,0.6300000000000097,Hardswish+LeakyReLU
SiLU,Hardswish,BiGRU+GRU,5,87.59,0.333,0.414,87.18,87.94,87.642,0.451,87.294,88.076,87.58,0.010000000000005116,SiLU+Hardswish
GELU,Hardswish,BiGRU+GRU,5,87.588,0.253,0.315,87.26,87.91,87.43,0.58,88.564,86.428,87.26,0.32799999999998875,GELU+Hardswish
PReLU,Hardswish,BiGRU+GRU,5,87.58,0.338,0.419,87.07,87.95,87.614,0.306,87.376,87.872,86.4,1.1799999999999926,PReLU+Hardswish
Mish,Mish,BiGRU+GRU,5,87.576,0.303,0.376,87.24,87.83,87.484,0.591,88.126,86.924,87.79,-0.21400000000001285,Mish+Mish
Mish,PReLU,BiGRU+GRU,5,87.57,0.2,0.249,87.34,87.82,87.444,0.346,88.352,86.592,87.73,-0.1600000000000108,Mish+PReLU
GELU,GELU,BiGRU+GRU,5,87.57,0.396,0.492,86.97,87.96,87.436,0.711,88.372,86.604,87.48,0.0899999999999892,GELU+GELU
GELU,PReLU,BiGRU+GRU,5,87.566,0.406,0.505,86.89,87.94,87.344,0.617,88.924,85.876,87.8,-0.23399999999999466,GELU+PReLU
LeakyReLU,ReLU,BiGRU+GRU,5,87.56,0.254,0.316,87.3,87.89,87.522,0.331,87.804,87.284,87.94,-0.37999999999999545,LeakyReLU+ReLU
Mish,GELU,BiGRU+GRU,5,87.55,0.215,0.267,87.25,87.76,87.386,0.391,88.566,86.272,87.96,-0.4099999999999966,Mish+GELU
SELU,ELU,BiGRU+GRU,5,87.544,0.292,0.362,87.09,87.83,87.528,0.402,87.662,87.444,85.68,1.86399999999999,SELU+ELU
SiLU,PReLU,BiGRU+GRU,5,87.544,0.503,0.624,87.03,88.05,87.594,0.65,87.26,88.008,87.76,-0.21600000000000819,SiLU+PReLU
Hardswish,Tanh,BiGRU+GRU,5,87.534,0.272,0.338,87.06,87.74,87.388,0.542,88.43,86.456,85.82,1.7140000000000128,Hardswish+Tanh
PReLU,ELU,BiGRU+GRU,5,87.532,0.188,0.234,87.25,87.75,87.428,0.303,88.174,86.716,88.04,-0.5080000000000098,PReLU+ELU
SELU,SiLU,BiGRU+GRU,5,87.53,0.316,0.392,86.97,87.71,87.546,0.714,87.436,87.808,87.24,0.29000000000000625,SELU+SiLU
Hardswish,Hardswish,BiGRU+GRU,5,87.528,0.327,0.406,86.99,87.86,87.368,0.659,88.51,86.352,87.53,-0.001999999999995339,Hardswish+Hardswish
GELU,Mish,BiGRU+GRU,5,87.524,0.27,0.335,87.26,87.89,87.46,0.463,87.938,87.072,87.59,-0.0660000000000025,GELU+Mish
SiLU,LeakyReLU,BiGRU+GRU,5,87.52,0.175,0.217,87.24,87.72,87.558,0.483,87.326,87.912,87.49,0.030000000000001137,SiLU+LeakyReLU
Mish,SiLU,BiGRU+GRU,5,87.52,0.286,0.355,87.27,87.92,87.442,0.554,88.0,86.956,87.62,-0.10000000000000853,Mish+SiLU
ELU,GELU,BiGRU+GRU,5,87.518,0.492,0.611,86.64,87.76,87.43,0.849,88.012,86.964,88.01,-0.49200000000000443,ELU+GELU
Mish,ReLU,BiGRU+GRU,5,87.514,0.387,0.48,86.86,87.86,87.38,0.666,88.312,86.568,87.56,-0.04600000000000648,Mish+ReLU
ELU,Hardswish,BiGRU+GRU,5,87.51,0.499,0.62,86.75,88.0,87.626,0.421,86.87,88.444,87.71,-0.19999999999998863,ELU+Hardswish
LeakyReLU,Hardswish,BiGRU+GRU,5,87.506,0.126,0.157,87.31,87.64,87.448,0.241,87.872,87.064,87.88,-0.3739999999999952,LeakyReLU+Hardswish
SiLU,Tanh,BiGRU+GRU,5,87.506,0.433,0.538,86.76,87.86,87.258,0.705,89.046,85.644,87.76,-0.2540000000000049,SiLU+Tanh
Tanh,Hardswish,BiGRU+GRU,5,87.502,0.313,0.388,87.02,87.84,87.448,0.642,87.834,87.172,87.11,0.3919999999999959,Tanh+Hardswish
GELU,ELU,BiGRU+GRU,5,87.5,0.353,0.438,87.15,88.09,87.46,0.446,87.802,87.224,87.19,0.3100000000000023,GELU+ELU
SELU,GELU,BiGRU+GRU,5,87.492,0.343,0.426,87.17,87.88,87.622,0.449,86.76,88.568,87.73,-0.23799999999999955,SELU+GELU
ReLU,ReLU,BiGRU+GRU,5,87.488,0.31,0.385,87.09,87.86,87.384,0.575,88.124,86.748,87.34,0.14799999999999613,ReLU+ReLU
PReLU,SELU,BiGRU+GRU,5,87.482,0.425,0.528,86.83,88.01,87.41,0.731,87.89,87.016,87.25,0.23199999999999932,PReLU+SELU
ReLU,Hardswish,BiGRU+GRU,5,87.478,0.403,0.5,86.81,87.9,87.352,0.718,88.242,86.604,87.39,0.08799999999999386,ReLU+Hardswish
SELU,SELU,BiGRU+GRU,5,87.478,0.58,0.72,86.62,88.12,87.39,0.901,87.984,86.904,87.5,-0.02200000000000557,SELU+SELU
LeakyReLU,Mish,BiGRU+GRU,5,87.474,0.192,0.238,87.14,87.62,87.484,0.424,87.442,87.604,87.35,0.12400000000000944,LeakyReLU+Mish
Mish,Hardswish,BiGRU+GRU,5,87.472,0.419,0.521,87.0,87.95,87.572,0.663,86.876,88.372,86.53,0.9419999999999931,Mish+Hardswish
LeakyReLU,ELU,BiGRU+GRU,5,87.47,0.421,0.523,86.92,87.98,87.5,0.548,87.286,87.752,87.73,-0.2600000000000051,LeakyReLU+ELU
SELU,Mish,BiGRU+GRU,5,87.462,0.309,0.384,87.08,87.89,87.528,0.583,87.06,88.088,87.19,0.27200000000000557,SELU+Mish
PReLU,Mish,BiGRU+GRU,5,87.462,0.114,0.142,87.29,87.56,87.364,0.247,88.082,86.708,86.99,0.4720000000000084,PReLU+Mish
ELU,ELU,BiGRU+GRU,5,87.46,0.474,0.589,86.66,87.93,87.34,0.712,88.152,86.6,87.35,0.10999999999999943,ELU+ELU
LeakyReLU,PReLU,BiGRU+GRU,5,87.458,0.348,0.432,86.88,87.76,87.364,0.618,88.016,86.792,87.52,-0.06199999999999761,LeakyReLU+PReLU
GELU,SELU,BiGRU+GRU,5,87.452,0.417,0.517,86.99,87.88,87.216,0.607,88.868,85.668,87.76,-0.30800000000000693,GELU+SELU
Tanh,Mish,BiGRU+GRU,5,87.452,0.342,0.425,86.89,87.81,87.276,0.648,88.524,86.136,87.69,-0.23799999999999955,Tanh+Mish
PReLU,Tanh,BiGRU+GRU,5,87.448,0.527,0.654,86.89,88.07,87.338,0.729,88.104,86.684,86.52,0.9279999999999973,PReLU+Tanh
Mish,SELU,BiGRU+GRU,5,87.432,0.508,0.63,86.87,88.18,87.32,0.857,88.09,86.684,87.9,-0.4680000000000035,Mish+SELU
GELU,SiLU,BiGRU+GRU,5,87.432,0.154,0.191,87.25,87.6,87.524,0.204,86.944,88.188,88.03,-0.597999999999999,GELU+SiLU
ELU,Tanh,BiGRU+GRU,5,87.428,0.245,0.305,87.14,87.73,87.156,0.473,89.08,85.356,87.28,0.14799999999999613,ELU+Tanh
Hardswish,PReLU,BiGRU+GRU,5,87.424,0.183,0.227,87.22,87.64,87.46,0.452,87.224,87.76,87.62,-0.19599999999999795,Hardswish+PReLU
Hardswish,SiLU,BiGRU+GRU,5,87.422,0.46,0.571,86.82,87.9,87.166,0.784,88.942,85.548,87.54,-0.11800000000000921,Hardswish+SiLU
Mish,ELU,BiGRU+GRU,5,87.418,0.269,0.334,87.05,87.67,87.486,0.462,87.004,88.016,87.54,-0.12199999999999989,Mish+ELU
Hardswish,SELU,BiGRU+GRU,5,87.416,0.377,0.468,86.76,87.72,87.278,0.753,88.242,86.472,87.68,-0.26400000000001,Hardswish+SELU
PReLU,LeakyReLU,BiGRU+GRU,5,87.408,0.437,0.542,86.66,87.69,87.164,0.65,88.88,85.56,87.0,0.40800000000000125,PReLU+LeakyReLU
LeakyReLU,LeakyReLU,BiGRU+GRU,5,87.404,0.708,0.88,86.18,87.88,87.172,1.038,88.752,85.76,87.46,-0.055999999999997385,LeakyReLU+LeakyReLU
SELU,ReLU,BiGRU+GRU,5,87.402,0.318,0.394,86.95,87.84,87.388,0.414,87.502,87.308,87.38,0.02200000000000557,SELU+ReLU
GELU,LeakyReLU,BiGRU+GRU,5,87.398,0.549,0.681,86.57,87.91,87.274,0.8,88.122,86.504,86.95,0.4479999999999933,GELU+LeakyReLU
LeakyReLU,Tanh,BiGRU+GRU,5,87.388,0.55,0.682,86.7,88.2,87.38,0.803,87.45,87.444,88.05,-0.6619999999999919,LeakyReLU+Tanh
ReLU,Mish,BiGRU+GRU,5,87.388,0.699,0.868,86.17,87.96,87.264,1.031,88.076,86.584,87.94,-0.5519999999999925,ReLU+Mish
GELU,ReLU,BiGRU+GRU,5,87.382,0.187,0.232,87.06,87.55,87.302,0.4,87.876,86.78,87.25,0.132000000000005,GELU+ReLU
Tanh,ELU,BiGRU+GRU,5,87.354,0.144,0.179,87.16,87.53,87.374,0.214,87.25,87.524,87.42,-0.0660000000000025,Tanh+ELU
SiLU,Mish,BiGRU+GRU,5,87.346,0.381,0.473,86.73,87.72,87.616,0.286,85.82,89.552,87.85,-0.5039999999999907,SiLU+Mish
Mish,Tanh,BiGRU+GRU,5,87.342,0.325,0.404,86.82,87.62,87.398,0.434,87.1,87.844,87.32,0.02200000000000557,Mish+Tanh
Tanh,SiLU,BiGRU+GRU,5,87.332,0.446,0.553,86.64,87.78,87.134,0.84,88.506,85.96,87.55,-0.21800000000000352,Tanh+SiLU
Tanh,PReLU,BiGRU+GRU,5,87.326,0.222,0.276,87.06,87.56,87.172,0.353,88.252,86.172,87.56,-0.23400000000000887,Tanh+PReLU
ReLU,ELU,BiGRU+GRU,5,87.322,0.668,0.83,86.45,87.92,87.186,1.043,88.086,86.456,87.45,-0.1280000000000001,ReLU+ELU
ReLU,PReLU,BiGRU+GRU,5,87.31,0.207,0.257,87.13,87.57,87.164,0.547,88.196,86.284,87.35,-0.03999999999999204,ReLU+PReLU
ReLU,SiLU,BiGRU+GRU,5,87.304,0.549,0.682,86.33,87.61,87.198,0.93,87.902,86.62,87.82,-0.5159999999999911,ReLU+SiLU
Mish,LeakyReLU,BiGRU+GRU,5,87.29,0.546,0.678,86.4,87.76,87.234,0.899,87.562,87.012,87.64,-0.3499999999999943,Mish+LeakyReLU
LeakyReLU,SELU,BiGRU+GRU,5,87.28,0.457,0.567,86.93,88.08,87.206,0.603,87.756,86.76,88.0,-0.7199999999999989,LeakyReLU+SELU
Hardswish,ELU,BiGRU+GRU,5,87.28,0.392,0.487,86.63,87.62,87.114,0.77,88.266,86.136,87.12,0.1599999999999966,Hardswish+ELU
SELU,PReLU,BiGRU+GRU,5,87.252,0.319,0.396,86.89,87.61,87.03,0.716,88.594,85.676,87.65,-0.39800000000001035,SELU+PReLU
SiLU,ReLU,BiGRU+GRU,5,87.234,0.439,0.545,86.76,87.75,87.234,0.793,87.226,87.38,86.63,0.6039999999999992,SiLU+ReLU
ELU,ReLU,BiGRU+GRU,5,87.218,0.65,0.807,86.32,87.98,87.082,1.08,87.978,86.372,87.99,-0.7719999999999914,ELU+ReLU
ELU,LeakyReLU,BiGRU+GRU,5,87.21,0.51,0.633,86.55,87.75,87.026,0.838,88.262,85.92,87.92,-0.710000000000008,ELU+LeakyReLU
Tanh,SELU,BiGRU+GRU,5,87.206,0.246,0.306,86.86,87.49,87.274,0.415,86.874,87.8,86.49,0.7160000000000082,Tanh+SELU
ELU,SELU,BiGRU+GRU,5,87.2,0.34,0.422,86.7,87.6,87.052,0.768,88.068,86.216,87.96,-0.7599999999999909,ELU+SELU
ReLU,SELU,BiGRU+GRU,5,87.186,0.777,0.965,85.82,87.67,86.978,1.224,88.34,85.8,87.35,-0.16399999999998727,ReLU+SELU
Tanh,Tanh,BiGRU+GRU,5,87.15,0.272,0.337,86.91,87.53,87.084,0.612,87.55,86.756,87.21,-0.05999999999998806,Tanh+Tanh
SELU,LeakyReLU,BiGRU+GRU,5,87.124,0.329,0.408,86.73,87.5,87.014,0.348,87.91,86.316,87.58,-0.45600000000000307,SELU+LeakyReLU
Tanh,ReLU,BiGRU+GRU,5,87.116,0.509,0.632,86.25,87.53,87.08,0.966,87.33,87.052,86.89,0.2259999999999991,Tanh+ReLU
