act1,act2,experiment,seed,accuracy,precision,recall,f1,best_epoch,stop_epoch
ReLU,ReLU,BiGRU+BiGRU,10,87.79,87.77,87.82,87.79,3,6
ReLU,ELU,BiGRU+BiGRU,10,87.28,89.09,84.96,86.98,2,5
ReLU,LeakyReLU,BiGRU+BiGRU,10,87.44,88.53,86.02,87.26,3,6
ReLU,Tanh,BiGRU+BiGRU,10,87.65,89.19,85.68,87.4,3,6
ReLU,GELU,BiGRU+BiGRU,10,87.54,89.45,85.12,87.23,3,6
ReLU,SiLU,BiGRU+BiGRU,10,87.12,89.88,83.66,86.66,3,6
ReLU,Mish,BiGRU+BiGRU,10,87.36,88.82,85.48,87.12,2,5
ReLU,SELU,BiGRU+BiGRU,10,86.92,89.87,83.22,86.42,2,5
ReLU,PReLU,BiGRU+BiGRU,10,87.54,89.77,84.74,87.18,3,6
ReLU,Hardswish,BiGRU+BiGRU,10,87.12,90.44,83.02,86.57,3,6
ELU,ReLU,BiGRU+BiGRU,10,87.3,90.39,83.48,86.8,3,6
ELU,ELU,BiGRU+BiGRU,10,87.36,87.68,86.94,87.31,2,5
ELU,LeakyReLU,BiGRU+BiGRU,10,87.36,88.53,85.84,87.16,2,5
ELU,Tanh,BiGRU+BiGRU,10,87.14,87.93,86.1,87.0,2,5
ELU,GELU,BiGRU+BiGRU,10,87.36,90.5,83.48,86.85,3,6
ELU,SiLU,BiGRU+BiGRU,10,87.22,90.35,83.34,86.7,3,6
ELU,Mish,BiGRU+BiGRU,10,87.46,87.49,87.42,87.45,2,5
ELU,SELU,BiGRU+BiGRU,10,87.24,87.46,86.94,87.2,2,5
ELU,PReLU,BiGRU+BiGRU,10,87.41,87.86,86.82,87.34,2,5
ELU,Hardswish,BiGRU+BiGRU,10,87.27,90.36,83.44,86.76,3,6
LeakyReLU,ReLU,BiGRU+BiGRU,10,87.42,88.77,85.68,87.2,3,6
LeakyReLU,ELU,BiGRU+BiGRU,10,87.12,88.73,85.04,86.85,2,5
LeakyReLU,LeakyReLU,BiGRU+BiGRU,10,87.75,89.71,85.28,87.44,3,6
LeakyReLU,Tanh,BiGRU+BiGRU,10,87.22,88.17,85.98,87.06,2,5
LeakyReLU,GELU,BiGRU+BiGRU,10,87.45,89.28,85.12,87.15,3,6
LeakyReLU,SiLU,BiGRU+BiGRU,10,87.15,89.43,84.26,86.77,3,6
LeakyReLU,Mish,BiGRU+BiGRU,10,87.49,90.81,83.42,86.96,3,6
LeakyReLU,SELU,BiGRU+BiGRU,10,87.66,89.73,85.06,87.33,3,6
LeakyReLU,PReLU,BiGRU+BiGRU,10,87.37,89.38,84.82,87.04,3,6
LeakyReLU,Hardswish,BiGRU+BiGRU,10,87.62,87.56,87.7,87.63,2,5
Tanh,ReLU,BiGRU+BiGRU,10,87.26,90.15,83.66,86.78,3,6
Tanh,ELU,BiGRU+BiGRU,10,87.03,86.38,87.92,87.14,2,5
Tanh,LeakyReLU,BiGRU+BiGRU,10,87.67,89.56,85.28,87.37,3,6
Tanh,Tanh,BiGRU+BiGRU,10,87.19,90.72,82.86,86.61,3,6
Tanh,GELU,BiGRU+BiGRU,10,87.67,87.86,87.42,87.64,4,7
Tanh,SiLU,BiGRU+BiGRU,10,87.3,90.85,82.96,86.72,3,6
Tanh,Mish,BiGRU+BiGRU,10,87.47,87.45,87.5,87.47,2,5
Tanh,SELU,BiGRU+BiGRU,10,87.94,88.7,86.96,87.82,4,7
Tanh,PReLU,BiGRU+BiGRU,10,87.67,89.51,85.34,87.38,3,6
Tanh,Hardswish,BiGRU+BiGRU,10,87.42,87.98,86.68,87.33,2,5
GELU,ReLU,BiGRU+BiGRU,10,87.59,90.17,84.38,87.18,3,6
GELU,ELU,BiGRU+BiGRU,10,87.41,87.96,86.68,87.32,2,5
GELU,LeakyReLU,BiGRU+BiGRU,10,87.02,90.77,82.42,86.39,3,6
GELU,Tanh,BiGRU+BiGRU,10,87.05,90.99,82.24,86.4,3,6
GELU,GELU,BiGRU+BiGRU,10,87.66,90.08,84.64,87.28,3,6
GELU,SiLU,BiGRU+BiGRU,10,87.46,90.28,83.96,87.01,3,6
GELU,Mish,BiGRU+BiGRU,10,87.34,87.24,87.48,87.36,2,5
GELU,SELU,BiGRU+BiGRU,10,87.41,90.15,84.0,86.97,3,6
GELU,PReLU,BiGRU+BiGRU,10,87.45,86.97,88.1,87.53,2,5
GELU,Hardswish,BiGRU+BiGRU,10,87.45,90.12,84.12,87.02,3,6
SiLU,ReLU,BiGRU+BiGRU,10,87.23,90.39,83.32,86.71,3,6
SiLU,ELU,BiGRU+BiGRU,10,87.37,87.41,87.32,87.36,2,5
SiLU,LeakyReLU,BiGRU+BiGRU,10,87.68,87.43,88.02,87.72,2,5
SiLU,Tanh,BiGRU+BiGRU,10,86.93,90.9,82.08,86.26,3,6
SiLU,GELU,BiGRU+BiGRU,10,87.58,90.15,84.38,87.17,3,6
SiLU,SiLU,BiGRU+BiGRU,10,87.55,90.06,84.42,87.15,3,6
SiLU,Mish,BiGRU+BiGRU,10,87.47,90.13,84.16,87.04,3,6
SiLU,SELU,BiGRU+BiGRU,10,87.25,87.96,86.32,87.13,2,5
SiLU,PReLU,BiGRU+BiGRU,10,87.52,87.18,87.98,87.58,2,5
SiLU,Hardswish,BiGRU+BiGRU,10,87.69,90.07,84.72,87.31,3,6
Mish,ReLU,BiGRU+BiGRU,10,87.54,90.47,83.92,87.07,3,6
Mish,ELU,BiGRU+BiGRU,10,87.29,88.72,85.44,87.05,2,5
Mish,LeakyReLU,BiGRU+BiGRU,10,87.62,90.24,84.36,87.2,3,6
Mish,Tanh,BiGRU+BiGRU,10,86.97,90.98,82.08,86.3,3,6
Mish,GELU,BiGRU+BiGRU,10,87.75,87.79,87.7,87.74,2,5
Mish,SiLU,BiGRU+BiGRU,10,87.63,88.33,86.72,87.52,2,5
Mish,Mish,BiGRU+BiGRU,10,87.57,87.68,87.42,87.55,2,5
Mish,SELU,BiGRU+BiGRU,10,87.3,87.54,86.98,87.26,2,5
Mish,PReLU,BiGRU+BiGRU,10,87.4,90.32,83.78,86.93,3,6
Mish,Hardswish,BiGRU+BiGRU,10,87.52,87.84,87.1,87.47,2,5
SELU,ReLU,BiGRU+BiGRU,10,87.53,88.75,85.96,87.33,3,6
SELU,ELU,BiGRU+BiGRU,10,87.08,87.78,86.16,86.96,2,5
SELU,LeakyReLU,BiGRU+BiGRU,10,87.62,89.43,85.32,87.33,3,6
SELU,Tanh,BiGRU+BiGRU,10,87.16,88.76,85.1,86.89,2,5
SELU,GELU,BiGRU+BiGRU,10,87.18,90.73,82.82,86.6,3,6
SELU,SiLU,BiGRU+BiGRU,10,87.54,88.51,86.28,87.38,2,5
SELU,Mish,BiGRU+BiGRU,10,87.53,87.3,87.84,87.57,2,5
SELU,SELU,BiGRU+BiGRU,10,87.17,86.84,87.62,87.23,2,5
SELU,PReLU,BiGRU+BiGRU,10,87.54,89.17,85.46,87.28,3,6
SELU,Hardswish,BiGRU+BiGRU,10,87.43,87.68,87.1,87.39,2,5
PReLU,ReLU,BiGRU+BiGRU,10,87.34,89.31,84.84,87.02,2,5
PReLU,ELU,BiGRU+BiGRU,10,86.98,88.68,84.78,86.69,2,5
PReLU,LeakyReLU,BiGRU+BiGRU,10,86.66,90.9,81.48,85.93,3,6
PReLU,Tanh,BiGRU+BiGRU,10,87.37,90.82,83.14,86.81,3,6
PReLU,GELU,BiGRU+BiGRU,10,87.38,90.26,83.8,86.91,3,6
PReLU,SiLU,BiGRU+BiGRU,10,87.21,90.74,82.88,86.63,3,6
PReLU,Mish,BiGRU+BiGRU,10,87.31,91.05,82.76,86.71,3,6
PReLU,SELU,BiGRU+BiGRU,10,87.21,89.28,84.58,86.86,2,5
PReLU,PReLU,BiGRU+BiGRU,10,87.49,89.86,84.52,87.11,3,6
PReLU,Hardswish,BiGRU+BiGRU,10,87.5,87.65,87.3,87.47,2,5
Hardswish,ReLU,BiGRU+BiGRU,10,87.23,90.09,83.66,86.76,3,6
Hardswish,ELU,BiGRU+BiGRU,10,87.42,88.06,86.58,87.31,2,5
Hardswish,LeakyReLU,BiGRU+BiGRU,10,87.71,90.16,84.66,87.32,3,6
Hardswish,Tanh,BiGRU+BiGRU,10,87.29,87.78,86.64,87.21,2,5
Hardswish,GELU,BiGRU+BiGRU,10,87.41,90.06,84.1,86.98,3,6
Hardswish,SiLU,BiGRU+BiGRU,10,87.44,90.24,83.96,86.99,3,6
Hardswish,Mish,BiGRU+BiGRU,10,87.64,88.14,86.98,87.56,2,5
Hardswish,SELU,BiGRU+BiGRU,10,87.47,88.1,86.64,87.37,2,5
Hardswish,PReLU,BiGRU+BiGRU,10,87.74,87.54,88.0,87.77,2,5
Hardswish,Hardswish,BiGRU+BiGRU,10,87.4,89.8,84.38,87.01,3,6
