arch,act1,act2,acc_mean,acc_std,acc_ci95,f1_mean,prec_mean,rec_mean
BiGRU+GRU,ReLU,LeakyReLU,87.806,0.167,0.207,87.796,87.876,87.744
BiGRU+BiGRU,SiLU,Mish,87.726,0.158,0.196,87.65,88.228,87.196
BiGRU+BiGRU,Tanh,LeakyReLU,87.724,0.4,0.497,87.7,87.956,87.528
BiGRU+GRU,Tanh,GELU,87.712,0.288,0.357,87.752,87.502,88.056
BiGRU+GRU,PReLU,ReLU,87.712,0.175,0.218,87.666,88.016,87.356
BiGRU+BiGRU,GELU,GELU,87.702,0.18,0.224,87.582,88.476,86.84
BiGRU+BiGRU,SiLU,Hardswish,87.702,0.096,0.119,87.686,87.86,87.66
BiGRU+BiGRU,GELU,Hardswish,87.688,0.182,0.226,87.654,87.952,87.496
BiGRU+GRU,SiLU,GELU,87.682,0.18,0.223,87.63,87.996,87.324
BiGRU+GRU,PReLU,GELU,87.682,0.277,0.344,87.714,87.49,88.016
BiGRU+GRU,SELU,Tanh,87.672,0.305,0.378,87.67,87.706,87.704
BiGRU+GRU,ReLU,GELU,87.67,0.195,0.242,87.754,87.17,88.36
BiGRU+BiGRU,SiLU,LeakyReLU,87.656,0.199,0.247,87.618,87.908,87.38
BiGRU+BiGRU,LeakyReLU,SELU,87.654,0.114,0.141,87.556,88.278,86.908
BiGRU+GRU,PReLU,SiLU,87.65,0.268,0.333,87.652,87.642,87.72
BiGRU+BiGRU,SELU,ReLU,87.648,0.289,0.358,87.63,87.802,87.524
BiGRU+BiGRU,Hardswish,ReLU,87.64,0.291,0.361,87.45,88.81,86.212
BiGRU+BiGRU,Hardswish,Tanh,87.636,0.316,0.393,87.768,86.848,88.728
BiGRU+GRU,Tanh,LeakyReLU,87.63,0.305,0.379,87.776,86.834,88.844
BiGRU+GRU,Hardswish,GELU,87.626,0.297,0.369,87.6,87.78,87.448
BiGRU+GRU,ELU,SiLU,87.626,0.27,0.335,87.606,87.768,87.492
BiGRU+GRU,Hardswish,Mish,87.626,0.171,0.212,87.658,87.42,87.928
BiGRU+GRU,SiLU,ELU,87.626,0.332,0.413,87.548,88.082,87.108
BiGRU+GRU,Hardswish,ReLU,87.622,0.325,0.404,87.554,88.042,87.16
BiGRU+BiGRU,Hardswish,Hardswish,87.62,0.228,0.283,87.492,88.428,86.672
BiGRU+GRU,SELU,Hardswish,87.612,0.434,0.539,87.578,87.798,87.496
BiGRU+BiGRU,ReLU,PReLU,87.612,0.14,0.174,87.546,88.03,87.112
BiGRU+GRU,SiLU,SELU,87.606,0.268,0.333,87.622,87.564,87.768
BiGRU+BiGRU,Tanh,ReLU,87.604,0.263,0.327,87.522,88.102,87.02
BiGRU+GRU,ReLU,Tanh,87.602,0.237,0.294,87.6,87.616,87.664
BiGRU+GRU,LeakyReLU,SiLU,87.602,0.422,0.524,87.504,88.194,86.848
BiGRU+GRU,ELU,Mish,87.602,0.163,0.202,87.606,87.586,87.64
BiGRU+BiGRU,LeakyReLU,Hardswish,87.602,0.196,0.244,87.676,87.162,88.208
BiGRU+BiGRU,SiLU,SELU,87.6,0.517,0.642,87.752,86.732,88.852
BiGRU+GRU,LeakyReLU,GELU,87.6,0.29,0.36,87.766,86.656,88.96
BiGRU+BiGRU,GELU,SiLU,87.6,0.363,0.451,87.63,87.422,87.92
BiGRU+GRU,GELU,Tanh,87.598,0.282,0.35,87.668,87.21,88.22
BiGRU+GRU,SiLU,SiLU,87.598,0.219,0.272,87.396,88.836,86.048
BiGRU+BiGRU,ReLU,GELU,87.594,0.242,0.3,87.494,88.214,86.832
BiGRU+GRU,ELU,PReLU,87.594,0.396,0.492,87.7,86.97,88.46
BiGRU+BiGRU,Mish,GELU,87.592,0.206,0.256,87.596,87.6,87.72
BiGRU+GRU,PReLU,PReLU,87.592,0.406,0.504,87.56,87.76,87.428
BiGRU+GRU,Hardswish,LeakyReLU,87.59,0.251,0.312,87.682,87.06,88.348
BiGRU+GRU,SiLU,Hardswish,87.59,0.333,0.414,87.642,87.294,88.076
BiGRU+GRU,GELU,Hardswish,87.588,0.253,0.315,87.43,88.564,86.428
BiGRU+BiGRU,SiLU,PReLU,87.584,0.15,0.187,87.476,88.28,86.784
BiGRU+BiGRU,ELU,ELU,87.584,0.151,0.188,87.656,87.152,88.172
BiGRU+BiGRU,SELU,LeakyReLU,87.582,0.15,0.186,87.756,86.57,89.044
BiGRU+GRU,PReLU,Hardswish,87.58,0.338,0.419,87.614,87.376,87.872
BiGRU+BiGRU,SiLU,GELU,87.578,0.113,0.141,87.492,88.152,86.98
BiGRU+GRU,Mish,Mish,87.576,0.303,0.376,87.484,88.126,86.924
BiGRU+GRU,GELU,GELU,87.57,0.396,0.492,87.436,88.372,86.604
BiGRU+GRU,Mish,PReLU,87.57,0.2,0.249,87.444,88.352,86.592
BiGRU+BiGRU,Mish,ELU,87.568,0.214,0.266,87.738,86.55,89.016
BiGRU+GRU,GELU,PReLU,87.566,0.406,0.505,87.344,88.924,85.876
BiGRU+BiGRU,LeakyReLU,GELU,87.562,0.264,0.328,87.474,88.104,86.956
BiGRU+GRU,LeakyReLU,ReLU,87.56,0.254,0.316,87.522,87.804,87.284
BiGRU+BiGRU,ReLU,ReLU,87.558,0.189,0.234,87.49,87.992,87.124
BiGRU+BiGRU,LeakyReLU,SiLU,87.552,0.322,0.4,87.51,87.806,87.304
BiGRU+GRU,Mish,GELU,87.55,0.215,0.267,87.386,88.566,86.272
BiGRU+BiGRU,Mish,Hardswish,87.546,0.197,0.245,87.702,86.612,88.856
BiGRU+GRU,SiLU,PReLU,87.544,0.503,0.624,87.594,87.26,88.008
BiGRU+GRU,SELU,ELU,87.544,0.292,0.362,87.528,87.662,87.444
BiGRU+BiGRU,GELU,ELU,87.54,0.196,0.243,87.55,87.506,87.724
BiGRU+BiGRU,Hardswish,Mish,87.538,0.135,0.168,87.528,87.636,87.56
BiGRU+BiGRU,Mish,LeakyReLU,87.538,0.175,0.217,87.462,88.064,86.968
BiGRU+GRU,Hardswish,Tanh,87.534,0.272,0.338,87.388,88.43,86.456
BiGRU+BiGRU,Mish,SiLU,87.534,0.326,0.405,87.464,87.976,87.14
BiGRU+BiGRU,Hardswish,SiLU,87.534,0.192,0.238,87.366,88.608,86.304
BiGRU+BiGRU,PReLU,ReLU,87.532,0.227,0.282,87.442,88.102,86.856
BiGRU+GRU,PReLU,ELU,87.532,0.188,0.234,87.428,88.174,86.716
BiGRU+GRU,SELU,SiLU,87.53,0.316,0.392,87.546,87.436,87.808
BiGRU+BiGRU,PReLU,Mish,87.53,0.304,0.377,87.37,88.526,86.368
BiGRU+BiGRU,SiLU,SiLU,87.53,0.305,0.378,87.388,88.406,86.548
BiGRU+BiGRU,GELU,Mish,87.528,0.294,0.365,87.684,86.6,88.812
BiGRU+GRU,Hardswish,Hardswish,87.528,0.327,0.406,87.368,88.51,86.352
BiGRU+BiGRU,GELU,ReLU,87.528,0.299,0.371,87.334,88.724,86.084
BiGRU+BiGRU,Mish,Mish,87.524,0.205,0.255,87.71,86.43,89.064
BiGRU+BiGRU,ReLU,Hardswish,87.524,0.337,0.419,87.374,88.434,86.456
BiGRU+GRU,GELU,Mish,87.524,0.27,0.335,87.46,87.938,87.072
BiGRU+GRU,Mish,SiLU,87.52,0.286,0.355,87.442,88.0,86.956
BiGRU+GRU,SiLU,LeakyReLU,87.52,0.175,0.217,87.558,87.326,87.912
BiGRU+GRU,ELU,GELU,87.518,0.492,0.611,87.43,88.012,86.964
BiGRU+BiGRU,Hardswish,LeakyReLU,87.518,0.307,0.382,87.544,87.408,87.76
BiGRU+BiGRU,Hardswish,GELU,87.516,0.263,0.326,87.352,88.536,86.324
BiGRU+BiGRU,ReLU,Tanh,87.514,0.32,0.397,87.62,86.896,88.412
BiGRU+GRU,Mish,ReLU,87.514,0.387,0.48,87.38,88.312,86.568
BiGRU+BiGRU,ReLU,SiLU,87.514,0.249,0.309,87.458,87.884,87.156
BiGRU+GRU,ELU,Hardswish,87.51,0.499,0.62,87.626,86.87,88.444
BiGRU+BiGRU,ELU,GELU,87.506,0.172,0.214,87.494,87.594,87.508
BiGRU+BiGRU,Tanh,PReLU,87.506,0.252,0.313,87.39,88.24,86.692
BiGRU+GRU,SiLU,Tanh,87.506,0.433,0.538,87.258,89.046,85.644
BiGRU+GRU,LeakyReLU,Hardswish,87.506,0.126,0.157,87.448,87.872,87.064
BiGRU+BiGRU,PReLU,Hardswish,87.506,0.219,0.272,87.422,88.012,86.94
BiGRU+BiGRU,Tanh,GELU,87.504,0.117,0.146,87.626,86.832,88.544
BiGRU+BiGRU,PReLU,SiLU,87.502,0.261,0.324,87.446,87.91,87.16
BiGRU+GRU,Tanh,Hardswish,87.502,0.313,0.388,87.448,87.834,87.172
BiGRU+GRU,GELU,ELU,87.5,0.353,0.438,87.46,87.802,87.224
BiGRU+BiGRU,ELU,PReLU,87.498,0.337,0.418,87.44,87.844,87.144
BiGRU+BiGRU,Mish,PReLU,87.498,0.234,0.291,87.394,88.174,86.76
BiGRU+BiGRU,Tanh,Mish,87.494,0.3,0.372,87.602,86.846,88.42
BiGRU+BiGRU,ELU,LeakyReLU,87.494,0.318,0.395,87.422,87.948,86.988
BiGRU+BiGRU,ReLU,Mish,87.494,0.312,0.388,87.374,88.222,86.62
BiGRU+GRU,SELU,GELU,87.492,0.343,0.426,87.622,86.76,88.568
BiGRU+GRU,ReLU,ReLU,87.488,0.31,0.385,87.384,88.124,86.748
BiGRU+GRU,PReLU,SELU,87.482,0.425,0.528,87.41,87.89,87.016
BiGRU+BiGRU,LeakyReLU,Mish,87.48,0.298,0.37,87.48,87.506,87.54
BiGRU+BiGRU,Mish,SELU,87.48,0.334,0.415,87.678,86.348,89.092
BiGRU+GRU,ReLU,Hardswish,87.478,0.403,0.5,87.352,88.242,86.604
BiGRU+GRU,SELU,SELU,87.478,0.58,0.72,87.39,87.984,86.904
BiGRU+BiGRU,ReLU,LeakyReLU,87.474,0.478,0.593,87.306,88.468,86.256
BiGRU+GRU,LeakyReLU,Mish,87.474,0.192,0.238,87.484,87.442,87.604
BiGRU+GRU,Mish,Hardswish,87.472,0.419,0.521,87.572,86.876,88.372
BiGRU+BiGRU,SiLU,Tanh,87.472,0.36,0.447,87.326,88.362,86.5
BiGRU+BiGRU,ELU,Tanh,87.472,0.288,0.358,87.584,86.79,88.42
BiGRU+GRU,LeakyReLU,ELU,87.47,0.421,0.523,87.5,87.286,87.752
BiGRU+BiGRU,GELU,PReLU,87.47,0.274,0.34,87.42,87.806,87.168
BiGRU+BiGRU,SELU,Mish,87.464,0.136,0.169,87.424,87.732,87.232
BiGRU+BiGRU,PReLU,LeakyReLU,87.462,0.477,0.592,87.412,87.768,87.216
BiGRU+GRU,PReLU,Mish,87.462,0.114,0.142,87.364,88.082,86.708
BiGRU+GRU,SELU,Mish,87.462,0.309,0.384,87.528,87.06,88.088
BiGRU+GRU,ELU,ELU,87.46,0.474,0.589,87.34,88.152,86.6
BiGRU+GRU,LeakyReLU,PReLU,87.458,0.348,0.432,87.364,88.016,86.792
BiGRU+BiGRU,Hardswish,SELU,87.456,0.248,0.308,87.302,88.404,86.32
BiGRU+BiGRU,PReLU,SELU,87.452,0.244,0.303,87.568,86.766,88.468
BiGRU+GRU,Tanh,Mish,87.452,0.342,0.425,87.276,88.524,86.136
BiGRU+GRU,GELU,SELU,87.452,0.417,0.517,87.216,88.868,85.668
BiGRU+BiGRU,LeakyReLU,LeakyReLU,87.448,0.346,0.43,87.218,88.848,85.768
BiGRU+GRU,PReLU,Tanh,87.448,0.527,0.654,87.338,88.104,86.684
BiGRU+GRU,Mish,SELU,87.432,0.508,0.63,87.32,88.09,86.684
BiGRU+GRU,GELU,SiLU,87.432,0.154,0.191,87.524,86.944,88.188
BiGRU+BiGRU,Hardswish,ELU,87.43,0.345,0.429,87.392,87.668,87.324
BiGRU+BiGRU,ELU,Hardswish,87.428,0.276,0.343,87.488,87.102,87.98
BiGRU+GRU,ELU,Tanh,87.428,0.245,0.305,87.156,89.08,85.356
BiGRU+BiGRU,Mish,ReLU,87.426,0.348,0.432,87.42,87.518,87.472
BiGRU+BiGRU,PReLU,PReLU,87.424,0.39,0.484,87.218,88.662,85.976
BiGRU+GRU,Hardswish,PReLU,87.424,0.183,0.227,87.46,87.224,87.76
BiGRU+GRU,Hardswish,SiLU,87.422,0.46,0.571,87.166,88.942,85.548
BiGRU+BiGRU,SELU,PReLU,87.418,0.188,0.233,87.226,88.592,85.944
BiGRU+BiGRU,SiLU,ELU,87.418,0.41,0.509,87.54,86.706,88.408
BiGRU+GRU,Mish,ELU,87.418,0.269,0.334,87.486,87.004,88.016
BiGRU+GRU,Hardswish,SELU,87.416,0.377,0.468,87.278,88.242,86.472
BiGRU+BiGRU,Hardswish,PReLU,87.414,0.441,0.548,87.268,88.276,86.436
BiGRU+GRU,PReLU,LeakyReLU,87.408,0.437,0.542,87.164,88.88,85.56
BiGRU+BiGRU,SELU,Hardswish,87.406,0.594,0.737,87.324,87.846,87.016
BiGRU+BiGRU,SiLU,ReLU,87.406,0.355,0.441,87.186,88.736,85.772
BiGRU+BiGRU,PReLU,GELU,87.404,0.331,0.411,87.374,87.586,87.252
BiGRU+GRU,LeakyReLU,LeakyReLU,87.404,0.708,0.88,87.172,88.752,85.76
BiGRU+GRU,SELU,ReLU,87.402,0.318,0.394,87.388,87.502,87.308
BiGRU+BiGRU,ReLU,ELU,87.402,0.358,0.445,87.514,86.762,88.368
BiGRU+BiGRU,PReLU,Tanh,87.4,0.285,0.354,87.43,87.252,87.712
BiGRU+BiGRU,Mish,Tanh,87.398,0.298,0.371,87.406,87.362,87.576
BiGRU+GRU,GELU,LeakyReLU,87.398,0.549,0.681,87.274,88.122,86.504
BiGRU+GRU,ReLU,Mish,87.388,0.699,0.868,87.264,88.076,86.584
BiGRU+BiGRU,LeakyReLU,ReLU,87.388,0.226,0.28,87.306,87.918,86.86
BiGRU+GRU,LeakyReLU,Tanh,87.388,0.55,0.682,87.38,87.45,87.444
BiGRU+GRU,GELU,ReLU,87.382,0.187,0.232,87.302,87.876,86.78
BiGRU+BiGRU,SELU,GELU,87.38,0.32,0.398,87.22,88.374,86.304
BiGRU+BiGRU,LeakyReLU,Tanh,87.38,0.158,0.196,87.36,87.528,87.304
BiGRU+BiGRU,PReLU,ELU,87.376,0.325,0.404,87.462,86.862,88.112
BiGRU+BiGRU,SELU,SELU,87.37,0.212,0.263,87.34,87.586,87.168
BiGRU+BiGRU,ELU,ReLU,87.366,0.294,0.366,87.15,88.68,85.8
BiGRU+BiGRU,Tanh,SELU,87.362,0.59,0.732,87.214,88.228,86.424
BiGRU+BiGRU,Tanh,Hardswish,87.36,0.451,0.56,87.202,88.3,86.292
BiGRU+BiGRU,LeakyReLU,PReLU,87.36,0.2,0.249,87.166,88.548,85.936
BiGRU+BiGRU,ELU,SiLU,87.356,0.324,0.403,87.408,87.074,87.844
BiGRU+GRU,Tanh,ELU,87.354,0.144,0.179,87.374,87.25,87.524
BiGRU+BiGRU,GELU,LeakyReLU,87.35,0.352,0.437,87.146,88.57,85.932
BiGRU+GRU,SiLU,Mish,87.346,0.381,0.473,87.616,85.82,89.552
BiGRU+GRU,Mish,Tanh,87.342,0.325,0.404,87.398,87.1,87.844
BiGRU+BiGRU,GELU,Tanh,87.332,0.429,0.532,87.174,88.274,86.332
BiGRU+GRU,Tanh,SiLU,87.332,0.446,0.553,87.134,88.506,85.96
BiGRU+BiGRU,Tanh,SiLU,87.332,0.485,0.602,87.218,88.014,86.708
BiGRU+GRU,Tanh,PReLU,87.326,0.222,0.276,87.172,88.252,86.172
BiGRU+GRU,ReLU,ELU,87.322,0.668,0.83,87.186,88.086,86.456
BiGRU+BiGRU,ELU,SELU,87.32,0.27,0.335,87.424,86.706,88.188
BiGRU+BiGRU,ReLU,SELU,87.316,0.35,0.434,87.22,87.93,86.596
BiGRU+GRU,ReLU,PReLU,87.31,0.207,0.257,87.164,88.196,86.284
BiGRU+GRU,ReLU,SiLU,87.304,0.549,0.682,87.198,87.902,86.62
BiGRU+BiGRU,ELU,Mish,87.298,0.366,0.455,87.256,87.548,87.16
BiGRU+BiGRU,Tanh,Tanh,87.296,0.201,0.25,87.094,88.53,85.864
BiGRU+GRU,Mish,LeakyReLU,87.29,0.546,0.678,87.234,87.562,87.012
BiGRU+GRU,LeakyReLU,SELU,87.28,0.457,0.567,87.206,87.756,86.76
BiGRU+GRU,Hardswish,ELU,87.28,0.392,0.487,87.114,88.266,86.136
BiGRU+BiGRU,LeakyReLU,ELU,87.268,0.289,0.358,87.308,87.038,87.64
BiGRU+BiGRU,GELU,SELU,87.266,0.351,0.436,87.11,88.208,86.112
BiGRU+BiGRU,SELU,SiLU,87.26,0.44,0.546,87.134,88.014,86.476
BiGRU+GRU,SELU,PReLU,87.252,0.319,0.396,87.03,88.594,85.676
BiGRU+GRU,SiLU,ReLU,87.234,0.439,0.545,87.234,87.226,87.38
BiGRU+GRU,ELU,ReLU,87.218,0.65,0.807,87.082,87.978,86.372
BiGRU+BiGRU,Tanh,ELU,87.212,0.276,0.342,87.322,86.57,88.1
BiGRU+GRU,ELU,LeakyReLU,87.21,0.51,0.633,87.026,88.262,85.92
BiGRU+GRU,Tanh,SELU,87.206,0.246,0.306,87.274,86.874,87.8
BiGRU+GRU,ELU,SELU,87.2,0.34,0.422,87.052,88.068,86.216
BiGRU+BiGRU,SELU,ELU,87.196,0.46,0.571,86.982,88.46,85.728
BiGRU+GRU,ReLU,SELU,87.186,0.777,0.965,86.978,88.34,85.8
BiLSTM+LSTM,Hardswish,SiLU,87.164,0.492,0.61,87.1,87.578,86.816
BiGRU+GRU,Tanh,Tanh,87.15,0.272,0.337,87.084,87.55,86.756
BiLSTM+LSTM,ReLU,GELU,87.15,0.401,0.498,87.278,86.436,88.164
BiGRU+BiGRU,SELU,Tanh,87.142,0.313,0.389,86.858,88.822,85.088
BiLSTM+BiLSTM,ReLU,Hardswish,87.136,0.261,0.324,86.976,88.11,85.908
BiLSTM+BiLSTM,LeakyReLU,Mish,87.126,0.272,0.338,87.0,87.86,86.188
BiLSTM+BiLSTM,PReLU,SiLU,87.126,0.546,0.678,87.188,86.786,87.62
BiGRU+GRU,SELU,LeakyReLU,87.124,0.329,0.408,87.014,87.91,86.316
BiGRU+GRU,Tanh,ReLU,87.116,0.509,0.632,87.08,87.33,87.052
BiLSTM+LSTM,LeakyReLU,GELU,87.108,0.48,0.596,87.27,86.23,88.372
BiLSTM+LSTM,LeakyReLU,ReLU,87.07,0.622,0.773,86.98,87.61,86.392
BiLSTM+BiLSTM,Hardswish,Tanh,87.064,0.346,0.43,87.088,86.96,87.264
BiLSTM+LSTM,PReLU,Hardswish,87.062,0.231,0.287,87.024,87.266,86.808
BiLSTM+LSTM,ReLU,ReLU,87.06,0.457,0.568,87.06,87.076,87.092
BiLSTM+BiLSTM,GELU,Mish,87.056,0.31,0.385,86.958,87.634,86.356
BiLSTM+LSTM,PReLU,SELU,87.046,0.251,0.312,87.122,86.664,87.736
BiLSTM+LSTM,ELU,Mish,87.044,0.297,0.369,87.232,85.978,88.528
BiLSTM+BiLSTM,ReLU,ReLU,87.042,0.237,0.294,87.124,86.574,87.732
BiLSTM+BiLSTM,SiLU,ELU,87.034,0.659,0.818,86.856,88.02,85.844
BiLSTM+BiLSTM,Mish,SiLU,87.03,0.402,0.499,86.962,87.41,86.556
BiLSTM+LSTM,ReLU,Tanh,87.024,0.398,0.494,87.194,86.076,88.36
BiLSTM+BiLSTM,ReLU,ELU,87.022,0.306,0.38,87.084,86.69,87.56
BiLSTM+LSTM,GELU,ELU,87.014,0.5,0.621,86.982,87.162,86.852
BiLSTM+BiLSTM,PReLU,ELU,87.014,0.442,0.549,87.028,86.982,87.112
BiLSTM+BiLSTM,ReLU,Tanh,87.004,0.633,0.786,86.942,87.312,86.608
BiLSTM+BiLSTM,SELU,LeakyReLU,87.002,0.433,0.538,87.034,86.85,87.284
BiLSTM+BiLSTM,SELU,SiLU,87.002,0.378,0.469,86.872,87.732,86.096
BiLSTM+BiLSTM,GELU,ELU,86.99,0.364,0.452,86.926,87.374,86.508
BiLSTM+BiLSTM,GELU,ReLU,86.986,0.547,0.679,86.91,87.4,86.52
BiLSTM+LSTM,SiLU,Tanh,86.984,0.465,0.578,87.092,86.388,87.848
BiLSTM+LSTM,Tanh,SiLU,86.974,0.537,0.667,86.912,87.272,86.616
BiLSTM+BiLSTM,GELU,LeakyReLU,86.956,0.18,0.223,87.138,85.968,88.4
BiLSTM+BiLSTM,Mish,ELU,86.95,0.496,0.615,86.92,87.114,86.796
BiLSTM+BiLSTM,LeakyReLU,ReLU,86.94,0.67,0.831,86.824,87.596,86.128
BiLSTM+LSTM,LeakyReLU,Mish,86.936,0.55,0.683,87.058,86.238,87.912
BiLSTM+LSTM,GELU,Hardswish,86.932,0.249,0.309,86.812,87.63,86.016
BiLSTM+LSTM,ELU,Tanh,86.93,0.457,0.568,87.008,86.496,87.536
BiLSTM+LSTM,SiLU,SiLU,86.926,0.187,0.233,86.904,87.062,86.788
BiLSTM+BiLSTM,SiLU,Tanh,86.92,0.404,0.501,86.73,88.01,85.488
BiLSTM+BiLSTM,PReLU,Tanh,86.92,0.319,0.395,87.048,86.216,87.9
BiLSTM+BiLSTM,GELU,GELU,86.912,0.33,0.409,86.786,87.668,85.976
BiLSTM+LSTM,ELU,Hardswish,86.91,0.551,0.684,86.962,86.622,87.396
BiLSTM+LSTM,LeakyReLU,ELU,86.908,0.341,0.423,86.984,86.514,87.496
BiLSTM+LSTM,PReLU,ReLU,86.902,0.447,0.555,86.958,86.582,87.376
BiLSTM+LSTM,Hardswish,Mish,86.898,0.362,0.449,87.014,86.25,87.82
BiLSTM+BiLSTM,Mish,Hardswish,86.898,0.493,0.612,87.022,86.242,87.892
BiLSTM+BiLSTM,Mish,GELU,86.898,0.713,0.885,86.92,86.71,87.228
BiLSTM+BiLSTM,ELU,ReLU,86.892,0.654,0.812,87.028,86.168,87.948
BiLSTM+BiLSTM,Mish,ReLU,86.892,0.266,0.331,86.7,87.988,85.464
BiLSTM+LSTM,LeakyReLU,LeakyReLU,86.892,0.567,0.704,86.856,87.068,86.688
BiLSTM+BiLSTM,PReLU,LeakyReLU,86.884,0.432,0.537,86.608,88.452,84.872
BiLSTM+LSTM,LeakyReLU,PReLU,86.874,0.348,0.433,87.016,86.09,88.016
BiLSTM+BiLSTM,Tanh,LeakyReLU,86.874,0.635,0.788,86.848,86.982,86.732
BiLSTM+BiLSTM,Hardswish,GELU,86.872,0.752,0.933,86.91,86.644,87.228
BiLSTM+BiLSTM,ELU,Mish,86.86,0.472,0.586,86.644,88.078,85.308
BiLSTM+LSTM,Tanh,PReLU,86.86,0.34,0.422,86.972,86.268,87.748
BiLSTM+LSTM,ELU,ReLU,86.86,0.821,1.02,87.002,86.084,87.944
BiLSTM+BiLSTM,ReLU,SiLU,86.858,0.724,0.9,86.784,87.29,86.404
BiLSTM+BiLSTM,PReLU,ReLU,86.858,0.204,0.253,86.682,87.892,85.584
BiLSTM+BiLSTM,SELU,Hardswish,86.856,0.36,0.447,86.982,86.2,87.896
BiLSTM+BiLSTM,SELU,Mish,86.854,0.405,0.503,86.814,87.058,86.62
BiLSTM+LSTM,SiLU,LeakyReLU,86.854,0.469,0.582,86.814,87.062,86.624
BiLSTM+BiLSTM,LeakyReLU,ELU,86.85,0.595,0.739,86.854,86.794,86.996
BiLSTM+BiLSTM,Hardswish,ReLU,86.848,0.35,0.435,86.928,86.402,87.496
BiLSTM+BiLSTM,PReLU,Mish,86.834,0.473,0.587,86.662,87.81,85.576
BiLSTM+BiLSTM,ELU,Hardswish,86.832,0.48,0.596,86.698,87.566,85.892
BiLSTM+BiLSTM,LeakyReLU,PReLU,86.826,0.608,0.754,86.65,87.806,85.608
BiLSTM+LSTM,GELU,SiLU,86.824,0.239,0.296,86.622,88.032,85.32
BiLSTM+BiLSTM,Mish,Mish,86.818,0.597,0.741,86.544,88.348,84.84
BiLSTM+BiLSTM,LeakyReLU,Tanh,86.818,0.25,0.31,87.058,85.516,88.712
BiLSTM+BiLSTM,SiLU,ReLU,86.812,0.22,0.273,86.772,87.066,86.588
BiLSTM+LSTM,SiLU,ReLU,86.81,0.26,0.323,86.98,85.934,88.132
BiLSTM+LSTM,SELU,Mish,86.81,0.69,0.857,86.838,86.652,87.04
BiLSTM+BiLSTM,Mish,SELU,86.808,0.44,0.547,86.63,87.848,85.56
BiLSTM+LSTM,SiLU,Hardswish,86.808,0.551,0.684,86.894,86.368,87.528
BiLSTM+BiLSTM,ReLU,GELU,86.806,0.301,0.373,86.546,88.29,84.924
BiLSTM+BiLSTM,LeakyReLU,Hardswish,86.804,0.666,0.827,86.894,86.408,87.452
BiLSTM+BiLSTM,Hardswish,Hardswish,86.804,0.549,0.682,86.662,87.594,85.796
BiLSTM+LSTM,ReLU,Hardswish,86.8,0.272,0.338,86.838,86.602,87.148
BiLSTM+LSTM,ReLU,SiLU,86.792,0.369,0.458,86.79,86.798,86.796
BiLSTM+BiLSTM,Tanh,SELU,86.792,0.788,0.978,86.604,87.782,85.536
BiLSTM+BiLSTM,ReLU,SELU,86.792,0.212,0.264,86.742,87.1,86.552
BiLSTM+BiLSTM,Hardswish,SELU,86.79,0.515,0.64,86.62,87.734,85.552
BiLSTM+BiLSTM,Mish,Tanh,86.788,0.717,0.89,86.48,88.478,84.656
BiLSTM+BiLSTM,LeakyReLU,GELU,86.784,0.391,0.485,86.762,86.944,86.672
BiLSTM+BiLSTM,Hardswish,LeakyReLU,86.78,0.863,1.072,86.748,87.118,86.536
BiLSTM+BiLSTM,LeakyReLU,LeakyReLU,86.776,0.38,0.472,86.726,87.07,86.48
BiLSTM+LSTM,ReLU,LeakyReLU,86.768,0.254,0.315,86.684,87.254,86.168
BiLSTM+LSTM,ELU,ELU,86.768,0.511,0.635,86.842,86.42,87.38
BiLSTM+BiLSTM,ELU,PReLU,86.768,0.452,0.561,86.772,86.742,86.832
BiLSTM+BiLSTM,GELU,SELU,86.766,0.769,0.955,86.828,86.368,87.368
BiLSTM+BiLSTM,GELU,SiLU,86.764,0.234,0.291,86.612,87.642,85.668
BiLSTM+LSTM,ReLU,ELU,86.764,0.502,0.623,86.812,86.468,87.252
BiLSTM+LSTM,ReLU,PReLU,86.762,0.422,0.524,86.754,86.804,86.712
BiLSTM+LSTM,LeakyReLU,SiLU,86.758,0.541,0.672,86.778,86.62,86.972
BiLSTM+LSTM,Hardswish,ELU,86.756,0.45,0.559,86.696,87.11,86.412
BiLSTM+LSTM,GELU,Tanh,86.752,0.554,0.688,86.946,85.724,88.244
BiLSTM+BiLSTM,ReLU,LeakyReLU,86.744,0.308,0.383,86.798,86.466,87.156
BiLSTM+BiLSTM,Tanh,ELU,86.742,0.64,0.794,86.688,87.136,86.312
BiLSTM+BiLSTM,ELU,SELU,86.742,0.483,0.6,86.596,87.564,85.74
BiLSTM+BiLSTM,SiLU,Mish,86.738,0.509,0.632,86.588,87.57,85.772
BiLSTM+LSTM,PReLU,PReLU,86.722,0.591,0.734,86.704,86.774,86.756
BiLSTM+LSTM,GELU,GELU,86.722,0.682,0.847,86.598,87.332,85.996
BiLSTM+BiLSTM,SELU,PReLU,86.72,0.448,0.556,86.636,87.188,86.184
BiLSTM+BiLSTM,ELU,GELU,86.718,0.651,0.808,86.758,86.464,87.092
BiLSTM+BiLSTM,PReLU,GELU,86.716,0.412,0.512,86.5,87.928,85.136
BiLSTM+LSTM,SiLU,GELU,86.714,0.192,0.238,86.812,86.218,87.544
BiLSTM+BiLSTM,SiLU,Hardswish,86.71,0.428,0.531,86.538,87.662,85.564
BiLSTM+BiLSTM,SiLU,GELU,86.706,0.561,0.696,86.726,86.61,86.872
BiLSTM+BiLSTM,ELU,ELU,86.702,0.446,0.554,86.826,86.036,87.684
BiLSTM+LSTM,SiLU,SELU,86.7,0.482,0.599,86.796,86.196,87.444
BiLSTM+LSTM,PReLU,LeakyReLU,86.696,0.449,0.558,86.706,86.668,86.796
BiLSTM+BiLSTM,SiLU,SELU,86.696,0.441,0.548,86.606,87.182,86.108
BiLSTM+BiLSTM,Hardswish,Mish,86.69,0.425,0.528,86.556,87.442,85.716
BiLSTM+LSTM,Mish,LeakyReLU,86.686,0.287,0.356,86.568,87.378,85.836
BiLSTM+LSTM,Tanh,Mish,86.68,0.539,0.669,86.65,86.85,86.464
BiLSTM+LSTM,PReLU,SiLU,86.678,0.816,1.014,86.532,87.44,85.696
BiLSTM+BiLSTM,SELU,ELU,86.676,0.51,0.633,86.474,87.806,85.22
BiLSTM+BiLSTM,SELU,ReLU,86.676,0.182,0.226,86.662,86.81,86.604
BiLSTM+LSTM,ELU,SELU,86.674,0.538,0.668,86.578,87.274,85.936
BiLSTM+LSTM,SiLU,Mish,86.672,0.597,0.741,86.456,87.838,85.3
BiLSTM+LSTM,Mish,GELU,86.672,0.332,0.413,86.76,86.226,87.368
BiLSTM+LSTM,ELU,GELU,86.672,0.564,0.7,86.704,86.486,86.952
BiLSTM+BiLSTM,Tanh,PReLU,86.666,0.317,0.393,86.848,85.73,88.116
BiLSTM+BiLSTM,PReLU,PReLU,86.662,0.469,0.582,86.484,87.642,85.448
BiLSTM+LSTM,Tanh,LeakyReLU,86.66,0.624,0.774,86.728,86.284,87.184
BiLSTM+BiLSTM,Tanh,SiLU,86.66,1.05,1.304,86.356,88.268,84.68
BiLSTM+BiLSTM,Tanh,Hardswish,86.656,0.502,0.624,86.516,87.46,85.616
BiLSTM+BiLSTM,Hardswish,ELU,86.656,0.497,0.618,86.63,86.838,86.512
BiLSTM+BiLSTM,SiLU,LeakyReLU,86.656,0.5,0.621,86.446,87.806,85.212
BiLSTM+BiLSTM,Mish,LeakyReLU,86.652,0.516,0.641,86.73,86.224,87.412
BiLSTM+LSTM,Tanh,Tanh,86.648,0.979,1.216,86.56,87.07,86.104
BiLSTM+LSTM,Mish,Tanh,86.646,0.691,0.859,86.78,85.984,87.64
BiLSTM+LSTM,SELU,GELU,86.644,0.647,0.804,86.622,86.762,86.5
BiLSTM+LSTM,Mish,Mish,86.642,0.357,0.443,86.682,86.494,87.116
BiLSTM+BiLSTM,SELU,Tanh,86.64,0.788,0.979,86.59,86.912,86.42
BiLSTM+LSTM,Mish,Hardswish,86.638,0.758,0.941,86.66,86.504,86.876
BiLSTM+LSTM,Hardswish,SELU,86.638,0.408,0.507,86.528,87.266,85.856
BiLSTM+LSTM,GELU,SELU,86.628,0.632,0.784,86.654,86.532,86.856
BiLSTM+LSTM,SELU,Hardswish,86.626,0.176,0.218,86.606,86.772,86.524
BiLSTM+BiLSTM,Tanh,Mish,86.624,0.295,0.367,86.23,88.84,83.792
BiLSTM+BiLSTM,ELU,SiLU,86.62,0.625,0.776,86.532,87.16,85.936
BiLSTM+LSTM,PReLU,Tanh,86.62,0.424,0.526,86.512,87.242,85.88
BiLSTM+BiLSTM,SiLU,SiLU,86.614,0.809,1.004,86.484,87.422,85.66
BiLSTM+LSTM,ELU,SiLU,86.612,0.73,0.907,86.718,86.034,87.464
BiLSTM+LSTM,LeakyReLU,Hardswish,86.612,0.517,0.642,86.694,86.198,87.244
BiLSTM+LSTM,GELU,PReLU,86.612,0.51,0.633,86.306,88.326,84.4
BiLSTM+LSTM,ReLU,SELU,86.61,0.788,0.978,86.528,87.018,86.116
BiLSTM+LSTM,GELU,LeakyReLU,86.608,0.528,0.656,86.346,88.068,84.756
BiLSTM+LSTM,ReLU,Mish,86.602,0.458,0.569,86.666,86.258,87.156
BiLSTM+LSTM,SELU,SiLU,86.594,0.561,0.697,86.45,87.38,85.556
BiLSTM+BiLSTM,Hardswish,SiLU,86.59,0.499,0.62,86.508,87.006,86.12
BiLSTM+BiLSTM,ReLU,Mish,86.588,0.444,0.551,86.708,85.982,87.52
BiLSTM+LSTM,Tanh,GELU,86.588,0.635,0.788,86.556,86.868,86.312
BiLSTM+LSTM,Tanh,ELU,86.584,0.583,0.724,86.678,86.08,87.292
BiLSTM+BiLSTM,PReLU,SELU,86.582,0.47,0.584,86.556,86.696,86.468
BiLSTM+BiLSTM,Mish,PReLU,86.576,0.27,0.335,86.558,86.668,86.496
BiLSTM+LSTM,Hardswish,ReLU,86.576,0.645,0.801,86.52,86.838,86.304
BiLSTM+LSTM,LeakyReLU,SELU,86.568,1.106,1.374,86.692,85.996,87.44
BiLSTM+BiLSTM,LeakyReLU,SiLU,86.562,0.64,0.795,86.506,86.856,86.208
BiLSTM+BiLSTM,Tanh,ReLU,86.56,0.337,0.419,86.548,86.676,86.512
BiLSTM+LSTM,SELU,Tanh,86.558,0.415,0.515,86.404,87.49,85.476
BiLSTM+BiLSTM,ELU,Tanh,86.552,0.537,0.667,86.314,87.856,84.928
BiLSTM+BiLSTM,ELU,LeakyReLU,86.548,0.502,0.624,86.404,87.318,85.568
BiLSTM+LSTM,SiLU,ELU,86.546,0.684,0.849,86.454,87.028,86.008
BiLSTM+LSTM,Mish,SiLU,86.54,0.822,1.021,86.352,87.578,85.18
BiLSTM+LSTM,Hardswish,GELU,86.526,0.348,0.432,86.852,84.84,89.028
BiLSTM+LSTM,PReLU,Mish,86.514,0.808,1.003,86.674,85.688,87.8
BiLSTM+LSTM,SELU,LeakyReLU,86.504,0.541,0.671,86.25,87.862,84.764
BiLSTM+LSTM,Hardswish,Hardswish,86.502,0.557,0.692,86.24,87.948,84.652
BiLSTM+LSTM,Tanh,Hardswish,86.498,0.345,0.428,86.344,87.424,85.396
BiLSTM+LSTM,ELU,PReLU,86.486,0.334,0.414,86.496,86.456,86.56
BiLSTM+BiLSTM,ReLU,PReLU,86.484,0.575,0.714,86.276,87.594,85.144
BiLSTM+LSTM,ELU,LeakyReLU,86.472,0.39,0.484,86.362,87.082,85.76
BiLSTM+LSTM,GELU,ReLU,86.472,0.72,0.894,86.55,86.176,87.04
BiLSTM+BiLSTM,SELU,GELU,86.462,0.369,0.459,86.344,87.122,85.64
BiLSTM+LSTM,SELU,ELU,86.46,1.22,1.514,86.208,87.77,84.792
BiLSTM+BiLSTM,Tanh,GELU,86.454,0.76,0.943,86.43,86.59,86.284
BiLSTM+LSTM,LeakyReLU,Tanh,86.434,0.73,0.907,86.458,86.348,86.632
BiLSTM+BiLSTM,GELU,PReLU,86.416,0.852,1.058,86.386,86.62,86.368
BiLSTM+BiLSTM,GELU,Tanh,86.416,0.76,0.943,86.362,86.77,86.076
BiLSTM+BiLSTM,SiLU,PReLU,86.396,0.734,0.911,86.194,87.454,85.1
BiLSTM+LSTM,SELU,PReLU,86.39,0.522,0.648,86.19,87.438,85.052
BiLSTM+LSTM,Hardswish,PReLU,86.39,0.843,1.047,86.238,87.226,85.348
BiLSTM+BiLSTM,Hardswish,PReLU,86.386,0.278,0.346,86.132,87.766,84.628
BiLSTM+LSTM,PReLU,ELU,86.378,1.007,1.25,86.352,86.466,86.268
BiLSTM+LSTM,GELU,Mish,86.372,0.292,0.362,86.284,86.852,85.768
BiLSTM+BiLSTM,PReLU,Hardswish,86.366,0.73,0.906,86.08,87.918,84.46
BiLSTM+BiLSTM,SELU,SELU,86.358,0.722,0.897,86.47,85.838,87.26
BiLSTM+BiLSTM,Tanh,Tanh,86.334,0.849,1.055,85.762,89.406,82.52
BiLSTM+LSTM,Mish,ReLU,86.3,0.529,0.657,86.294,86.522,86.276
BiLSTM+LSTM,Tanh,SELU,86.298,1.026,1.274,86.084,87.326,84.992
BiLSTM+LSTM,Tanh,ReLU,86.278,0.633,0.786,86.246,86.46,86.14
BiLSTM+LSTM,SELU,SELU,86.254,0.477,0.592,86.192,86.586,85.84
BiLSTM+LSTM,PReLU,GELU,86.252,0.852,1.058,86.282,86.174,86.444
BiLSTM+LSTM,SiLU,PReLU,86.25,0.691,0.858,85.906,88.066,83.972
BiLSTM+LSTM,Mish,ELU,86.192,0.541,0.672,86.1,86.684,85.576
BiLSTM+LSTM,Hardswish,Tanh,86.164,0.17,0.211,86.296,85.512,87.164
BiLSTM+LSTM,SELU,ReLU,86.156,1.021,1.268,85.966,87.14,84.844
BiLSTM+LSTM,Mish,PReLU,86.138,0.966,1.2,86.296,85.41,87.272
BiLSTM+BiLSTM,GELU,Hardswish,86.132,0.828,1.028,86.114,86.22,86.036
BiLSTM+BiLSTM,LeakyReLU,SELU,86.066,0.926,1.15,86.11,85.894,86.56
BiLSTM+LSTM,Mish,SELU,85.938,1.724,2.14,85.636,87.35,84.12
BiLSTM+LSTM,Hardswish,LeakyReLU,82.056,9.274,11.515,80.628,83.914,78.324
