act1,act2,experiment,n_seeds,acc_mean,acc_std,acc_ci95,acc_min,acc_max,f1_mean,f1_std,prec_mean,rec_mean
Hardswish,SiLU,BiLSTM+LSTM,5,87.164,0.492,0.61,86.4,87.65,87.1,0.775,87.578,86.816
ReLU,GELU,BiLSTM+LSTM,5,87.15,0.401,0.498,86.68,87.69,87.278,0.41,86.436,88.164
LeakyReLU,GELU,BiLSTM+LSTM,5,87.108,0.48,0.596,86.26,87.39,87.27,0.339,86.23,88.372
LeakyReLU,ReLU,BiLSTM+LSTM,5,87.07,0.622,0.773,86.43,87.88,86.98,0.576,87.61,86.392
PReLU,Hardswish,BiLSTM+LSTM,5,87.062,0.231,0.287,86.86,87.44,87.024,0.287,87.266,86.808
ReLU,ReLU,BiLSTM+LSTM,5,87.06,0.457,0.568,86.5,87.55,87.06,0.561,87.076,87.092
PReLU,SELU,BiLSTM+LSTM,5,87.046,0.251,0.312,86.8,87.44,87.122,0.543,86.664,87.736
ELU,Mish,BiLSTM+LSTM,5,87.044,0.297,0.369,86.69,87.37,87.232,0.259,85.978,88.528
ReLU,Tanh,BiLSTM+LSTM,5,87.024,0.398,0.494,86.64,87.54,87.194,0.335,86.076,88.36
GELU,ELU,BiLSTM+LSTM,5,87.014,0.5,0.621,86.43,87.65,86.982,0.743,87.162,86.852
SiLU,Tanh,BiLSTM+LSTM,5,86.984,0.465,0.578,86.23,87.41,87.092,0.544,86.388,87.848
Tanh,SiLU,BiLSTM+LSTM,5,86.974,0.537,0.667,86.17,87.5,86.912,0.806,87.272,86.616
LeakyReLU,Mish,BiLSTM+LSTM,5,86.936,0.55,0.683,86.22,87.74,87.058,0.606,86.238,87.912
GELU,Hardswish,BiLSTM+LSTM,5,86.932,0.249,0.309,86.61,87.29,86.812,0.255,87.63,86.016
ELU,Tanh,BiLSTM+LSTM,5,86.93,0.457,0.568,86.55,87.72,87.008,0.539,86.496,87.536
SiLU,SiLU,BiLSTM+LSTM,5,86.926,0.187,0.233,86.63,87.13,86.904,0.324,87.062,86.788
ELU,Hardswish,BiLSTM+LSTM,5,86.91,0.551,0.684,86.41,87.81,86.962,0.759,86.622,87.396
LeakyReLU,ELU,BiLSTM+LSTM,5,86.908,0.341,0.423,86.53,87.41,86.984,0.418,86.514,87.496
PReLU,ReLU,BiLSTM+LSTM,5,86.902,0.447,0.555,86.19,87.38,86.958,0.555,86.582,87.376
Hardswish,Mish,BiLSTM+LSTM,5,86.898,0.362,0.449,86.38,87.3,87.014,0.378,86.25,87.82
LeakyReLU,LeakyReLU,BiLSTM+LSTM,5,86.892,0.567,0.704,86.23,87.57,86.856,0.778,87.068,86.688
LeakyReLU,PReLU,BiLSTM+LSTM,5,86.874,0.348,0.433,86.48,87.35,87.016,0.425,86.09,88.016
ELU,ReLU,BiLSTM+LSTM,5,86.86,0.821,1.02,85.45,87.55,87.002,0.796,86.084,87.944
Tanh,PReLU,BiLSTM+LSTM,5,86.86,0.34,0.422,86.47,87.3,86.972,0.41,86.268,87.748
SiLU,LeakyReLU,BiLSTM+LSTM,5,86.854,0.469,0.582,86.25,87.46,86.814,0.653,87.062,86.624
GELU,SiLU,BiLSTM+LSTM,5,86.824,0.239,0.296,86.53,87.03,86.622,0.127,88.032,85.32
SELU,Mish,BiLSTM+LSTM,5,86.81,0.69,0.857,85.86,87.59,86.838,0.688,86.652,87.04
SiLU,ReLU,BiLSTM+LSTM,5,86.81,0.26,0.323,86.58,87.21,86.98,0.232,85.934,88.132
SiLU,Hardswish,BiLSTM+LSTM,5,86.808,0.551,0.684,86.0,87.46,86.894,0.665,86.368,87.528
ReLU,Hardswish,BiLSTM+LSTM,5,86.8,0.272,0.338,86.41,87.13,86.838,0.496,86.602,87.148
ReLU,SiLU,BiLSTM+LSTM,5,86.792,0.369,0.458,86.21,87.16,86.79,0.43,86.798,86.796
ELU,ELU,BiLSTM+LSTM,5,86.768,0.511,0.635,86.09,87.36,86.842,0.543,86.42,87.38
ReLU,LeakyReLU,BiLSTM+LSTM,5,86.768,0.254,0.315,86.45,87.03,86.684,0.321,87.254,86.168
ReLU,ELU,BiLSTM+LSTM,5,86.764,0.502,0.623,86.09,87.4,86.812,0.837,86.468,87.252
ReLU,PReLU,BiLSTM+LSTM,5,86.762,0.422,0.524,86.23,87.27,86.754,0.477,86.804,86.712
LeakyReLU,SiLU,BiLSTM+LSTM,5,86.758,0.541,0.672,86.17,87.54,86.778,0.68,86.62,86.972
Hardswish,ELU,BiLSTM+LSTM,5,86.756,0.45,0.559,86.19,87.23,86.696,0.679,87.11,86.412
GELU,Tanh,BiLSTM+LSTM,5,86.752,0.554,0.688,86.14,87.46,86.946,0.489,85.724,88.244
GELU,GELU,BiLSTM+LSTM,5,86.722,0.682,0.847,85.83,87.41,86.598,1.072,87.332,85.996
PReLU,PReLU,BiLSTM+LSTM,5,86.722,0.591,0.734,85.8,87.37,86.704,0.991,86.774,86.756
SiLU,GELU,BiLSTM+LSTM,5,86.714,0.192,0.238,86.39,86.86,86.812,0.537,86.218,87.544
SiLU,SELU,BiLSTM+LSTM,5,86.7,0.482,0.599,86.0,87.26,86.796,0.554,86.196,87.444
PReLU,LeakyReLU,BiLSTM+LSTM,5,86.696,0.449,0.558,86.13,87.36,86.706,0.402,86.668,86.796
Mish,LeakyReLU,BiLSTM+LSTM,5,86.686,0.287,0.356,86.28,87.06,86.568,0.45,87.378,85.836
Tanh,Mish,BiLSTM+LSTM,5,86.68,0.539,0.669,86.07,87.41,86.65,0.593,86.85,86.464
PReLU,SiLU,BiLSTM+LSTM,5,86.678,0.816,1.014,85.41,87.47,86.532,1.048,87.44,85.696
ELU,SELU,BiLSTM+LSTM,5,86.674,0.538,0.668,85.73,87.04,86.578,0.38,87.274,85.936
ELU,GELU,BiLSTM+LSTM,5,86.672,0.564,0.7,85.9,87.25,86.704,0.662,86.486,86.952
SiLU,Mish,BiLSTM+LSTM,5,86.672,0.597,0.741,86.07,87.38,86.456,1.033,87.838,85.3
Mish,GELU,BiLSTM+LSTM,5,86.672,0.332,0.413,86.18,87.1,86.76,0.438,86.226,87.368
Tanh,LeakyReLU,BiLSTM+LSTM,5,86.66,0.624,0.774,85.87,87.44,86.728,0.617,86.284,87.184
Tanh,Tanh,BiLSTM+LSTM,5,86.648,0.979,1.216,85.36,87.65,86.56,1.203,87.07,86.104
Mish,Tanh,BiLSTM+LSTM,5,86.646,0.691,0.859,85.53,87.41,86.78,0.633,85.984,87.64
SELU,GELU,BiLSTM+LSTM,5,86.644,0.647,0.804,85.64,87.35,86.622,0.696,86.762,86.5
Mish,Mish,BiLSTM+LSTM,5,86.642,0.357,0.443,86.17,87.12,86.682,0.76,86.494,87.116
Mish,Hardswish,BiLSTM+LSTM,5,86.638,0.758,0.941,85.65,87.61,86.66,0.902,86.504,86.876
Hardswish,SELU,BiLSTM+LSTM,5,86.638,0.408,0.507,86.17,87.2,86.528,0.588,87.266,85.856
GELU,SELU,BiLSTM+LSTM,5,86.628,0.632,0.784,86.04,87.57,86.654,0.629,86.532,86.856
SELU,Hardswish,BiLSTM+LSTM,5,86.626,0.176,0.218,86.35,86.76,86.606,0.22,86.772,86.524
PReLU,Tanh,BiLSTM+LSTM,5,86.62,0.424,0.526,86.0,87.01,86.512,0.61,87.242,85.88
LeakyReLU,Hardswish,BiLSTM+LSTM,5,86.612,0.517,0.642,86.13,87.27,86.694,0.558,86.198,87.244
ELU,SiLU,BiLSTM+LSTM,5,86.612,0.73,0.907,85.43,87.18,86.718,0.88,86.034,87.464
GELU,PReLU,BiLSTM+LSTM,5,86.612,0.51,0.633,85.9,87.15,86.306,0.576,88.326,84.4
ReLU,SELU,BiLSTM+LSTM,5,86.61,0.788,0.978,85.72,87.28,86.528,1.028,87.018,86.116
GELU,LeakyReLU,BiLSTM+LSTM,5,86.608,0.528,0.656,86.02,87.44,86.346,0.695,88.068,84.756
ReLU,Mish,BiLSTM+LSTM,5,86.602,0.458,0.569,86.08,87.09,86.666,0.66,86.258,87.156
SELU,SiLU,BiLSTM+LSTM,5,86.594,0.561,0.697,85.95,87.17,86.45,0.622,87.38,85.556
Tanh,GELU,BiLSTM+LSTM,5,86.588,0.635,0.788,85.48,87.03,86.556,0.429,86.868,86.312
Tanh,ELU,BiLSTM+LSTM,5,86.584,0.583,0.724,85.82,87.23,86.678,0.617,86.08,87.292
Hardswish,ReLU,BiLSTM+LSTM,5,86.576,0.645,0.801,85.68,87.35,86.52,0.977,86.838,86.304
LeakyReLU,SELU,BiLSTM+LSTM,5,86.568,1.106,1.374,84.97,87.97,86.692,0.958,85.996,87.44
SELU,Tanh,BiLSTM+LSTM,5,86.558,0.415,0.515,85.91,87.06,86.404,0.49,87.49,85.476
SiLU,ELU,BiLSTM+LSTM,5,86.546,0.684,0.849,85.37,86.99,86.454,1.049,87.028,86.008
Mish,SiLU,BiLSTM+LSTM,5,86.54,0.822,1.021,85.53,87.46,86.352,0.796,87.578,85.18
Hardswish,GELU,BiLSTM+LSTM,5,86.526,0.348,0.432,86.13,87.09,86.852,0.345,84.84,89.028
PReLU,Mish,BiLSTM+LSTM,5,86.514,0.808,1.003,85.48,87.36,86.674,0.909,85.688,87.8
SELU,LeakyReLU,BiLSTM+LSTM,5,86.504,0.541,0.671,85.92,87.18,86.25,0.799,87.862,84.764
Hardswish,Hardswish,BiLSTM+LSTM,5,86.502,0.557,0.692,85.64,87.09,86.24,0.726,87.948,84.652
Tanh,Hardswish,BiLSTM+LSTM,5,86.498,0.345,0.428,86.05,86.98,86.344,0.357,87.424,85.396
ELU,PReLU,BiLSTM+LSTM,5,86.486,0.334,0.414,85.91,86.77,86.496,0.281,86.456,86.56
GELU,ReLU,BiLSTM+LSTM,5,86.472,0.72,0.894,85.44,87.15,86.55,0.607,86.176,87.04
ELU,LeakyReLU,BiLSTM+LSTM,5,86.472,0.39,0.484,85.99,86.96,86.362,0.731,87.082,85.76
SELU,ELU,BiLSTM+LSTM,5,86.46,1.22,1.514,84.37,87.57,86.208,1.513,87.77,84.792
LeakyReLU,Tanh,BiLSTM+LSTM,5,86.434,0.73,0.907,85.71,87.57,86.458,0.75,86.348,86.632
SELU,PReLU,BiLSTM+LSTM,5,86.39,0.522,0.648,85.47,86.77,86.19,0.837,87.438,85.052
Hardswish,PReLU,BiLSTM+LSTM,5,86.39,0.843,1.047,85.05,87.36,86.238,0.957,87.226,85.348
PReLU,ELU,BiLSTM+LSTM,5,86.378,1.007,1.25,85.26,87.71,86.352,1.166,86.466,86.268
GELU,Mish,BiLSTM+LSTM,5,86.372,0.292,0.362,86.21,86.89,86.284,0.359,86.852,85.768
Mish,ReLU,BiLSTM+LSTM,5,86.3,0.529,0.657,85.52,86.8,86.294,0.396,86.522,86.276
Tanh,SELU,BiLSTM+LSTM,5,86.298,1.026,1.274,84.61,87.15,86.084,1.459,87.326,84.992
Tanh,ReLU,BiLSTM+LSTM,5,86.278,0.633,0.786,85.23,86.95,86.246,0.801,86.46,86.14
SELU,SELU,BiLSTM+LSTM,5,86.254,0.477,0.592,85.59,86.83,86.192,0.63,86.586,85.84
PReLU,GELU,BiLSTM+LSTM,5,86.252,0.852,1.058,85.34,87.03,86.282,0.701,86.174,86.444
SiLU,PReLU,BiLSTM+LSTM,5,86.25,0.691,0.858,85.37,86.94,85.906,1.08,88.066,83.972
Mish,ELU,BiLSTM+LSTM,5,86.192,0.541,0.672,85.42,86.6,86.1,0.642,86.684,85.576
Hardswish,Tanh,BiLSTM+LSTM,5,86.164,0.17,0.211,86.02,86.41,86.296,0.363,85.512,87.164
SELU,ReLU,BiLSTM+LSTM,5,86.156,1.021,1.268,84.94,87.55,85.966,1.117,87.14,84.844
Mish,PReLU,BiLSTM+LSTM,5,86.138,0.966,1.2,85.13,87.63,86.296,0.856,85.41,87.272
Mish,SELU,BiLSTM+LSTM,5,85.938,1.724,2.14,83.09,87.33,85.636,2.107,87.35,84.12
Hardswish,LeakyReLU,BiLSTM+LSTM,5,82.056,9.274,11.515,65.5,86.85,80.628,12.295,83.914,78.324
