architecture,act1,act2,single_seed_acc,multiseed_mean,delta,multiseed_std,ci95,acc_min,acc_max,within_ci,single_rank,multiseed_rank,rank_change,abs_delta,abs_rank_change
BiGRU+BiGRU,SiLU,Mish,86.96,87.726,0.766,0.158,0.196,87.47,87.86,False,77,1,76,0.766,76
BiGRU+BiGRU,Tanh,LeakyReLU,87.29,87.724,0.434,0.4,0.497,87.19,88.27,True,59,2,57,0.434,57
BiGRU+BiGRU,GELU,GELU,87.08,87.702,0.622,0.18,0.224,87.42,87.9,False,72,3,69,0.622,69
BiGRU+BiGRU,SiLU,Hardswish,87.24,87.702,0.462,0.096,0.119,87.61,87.84,False,62,3,59,0.462,59
BiGRU+BiGRU,GELU,Hardswish,86.81,87.688,0.878,0.182,0.226,87.45,87.88,False,86,5,81,0.878,81
BiGRU+BiGRU,SiLU,LeakyReLU,87.57,87.656,0.086,0.199,0.247,87.37,87.92,True,31,6,25,0.086,25
BiGRU+BiGRU,LeakyReLU,SELU,87.56,87.654,0.094,0.114,0.141,87.54,87.84,True,32,7,25,0.094,25
BiGRU+BiGRU,SELU,ReLU,87.38,87.648,0.268,0.289,0.358,87.31,88.05,True,51,8,43,0.268,43
BiGRU+BiGRU,Hardswish,ReLU,87.51,87.64,0.13,0.291,0.361,87.23,88.02,True,37,9,28,0.13,28
BiGRU+BiGRU,Hardswish,Tanh,87.49,87.636,0.146,0.316,0.393,87.29,88.02,True,39,10,29,0.146,29
BiGRU+BiGRU,Hardswish,Hardswish,87.6,87.62,0.02,0.228,0.283,87.4,87.98,True,27,11,16,0.02,16
BiGRU+BiGRU,ReLU,PReLU,87.56,87.612,0.052,0.14,0.174,87.41,87.77,True,32,12,20,0.052,20
BiGRU+BiGRU,Tanh,ReLU,86.71,87.604,0.894,0.263,0.327,87.26,87.96,False,90,13,77,0.894,77
BiGRU+BiGRU,LeakyReLU,Hardswish,87.88,87.602,-0.278,0.196,0.244,87.29,87.8,False,5,14,-9,0.278,9
BiGRU+BiGRU,GELU,SiLU,87.86,87.6,-0.26,0.363,0.451,87.16,88.13,True,7,15,-8,0.26,8
BiGRU+BiGRU,SiLU,SELU,87.6,87.6,0.0,0.517,0.642,87.07,88.39,True,27,15,12,0.0,12
BiGRU+BiGRU,ReLU,GELU,87.76,87.594,-0.166,0.242,0.3,87.26,87.9,True,12,17,-5,0.166,5
BiGRU+BiGRU,Mish,GELU,86.33,87.592,1.262,0.206,0.256,87.27,87.75,False,98,18,80,1.262,80
BiGRU+BiGRU,SiLU,PReLU,87.27,87.584,0.314,0.15,0.187,87.35,87.72,False,60,19,41,0.314,41
BiGRU+BiGRU,ELU,ELU,87.5,87.584,0.084,0.151,0.188,87.36,87.73,True,38,19,19,0.084,19
BiGRU+BiGRU,SELU,LeakyReLU,87.47,87.582,0.112,0.15,0.186,87.42,87.81,True,42,21,21,0.112,21
BiGRU+BiGRU,SiLU,GELU,87.68,87.578,-0.102,0.113,0.141,87.45,87.7,True,15,22,-7,0.102,7
BiGRU+BiGRU,Mish,ELU,87.64,87.568,-0.072,0.214,0.266,87.29,87.82,True,22,23,-1,0.072,1
BiGRU+BiGRU,LeakyReLU,GELU,87.26,87.562,0.302,0.264,0.328,87.25,87.97,True,61,24,37,0.302,37
BiGRU+BiGRU,ReLU,ReLU,87.65,87.558,-0.092,0.189,0.234,87.35,87.79,True,20,25,-5,0.092,5
BiGRU+BiGRU,LeakyReLU,SiLU,87.01,87.552,0.542,0.322,0.4,87.15,88.04,False,74,26,48,0.542,48
BiGRU+BiGRU,Mish,Hardswish,86.52,87.546,1.026,0.197,0.245,87.23,87.75,False,96,27,69,1.026,69
BiGRU+BiGRU,GELU,ELU,87.85,87.54,-0.31,0.196,0.243,87.26,87.71,False,8,28,-20,0.31,20
BiGRU+BiGRU,Hardswish,Mish,88.02,87.538,-0.482,0.135,0.168,87.38,87.7,False,3,29,-26,0.482,26
BiGRU+BiGRU,Mish,LeakyReLU,86.85,87.538,0.688,0.175,0.217,87.3,87.71,False,81,29,52,0.688,52
BiGRU+BiGRU,Mish,SiLU,87.49,87.534,0.044,0.326,0.405,87.04,87.85,True,39,31,8,0.044,8
BiGRU+BiGRU,Hardswish,SiLU,87.67,87.534,-0.136,0.192,0.238,87.26,87.73,True,16,31,-15,0.136,15
BiGRU+BiGRU,PReLU,ReLU,87.67,87.532,-0.138,0.227,0.282,87.26,87.75,True,16,33,-17,0.138,17
BiGRU+BiGRU,SiLU,SiLU,87.89,87.53,-0.36,0.305,0.378,87.09,87.83,True,4,34,-30,0.36,30
BiGRU+BiGRU,PReLU,Mish,86.84,87.53,0.69,0.304,0.377,87.26,87.95,False,82,34,48,0.69,48
BiGRU+BiGRU,GELU,ReLU,87.16,87.528,0.368,0.299,0.371,87.11,87.87,True,69,36,33,0.368,33
BiGRU+BiGRU,GELU,Mish,87.42,87.528,0.108,0.294,0.365,87.13,87.83,True,46,36,10,0.108,10
BiGRU+BiGRU,ReLU,Hardswish,86.79,87.524,0.734,0.337,0.419,87.12,87.9,False,87,38,49,0.734,49
BiGRU+BiGRU,Mish,Mish,86.05,87.524,1.474,0.205,0.255,87.22,87.79,False,99,38,61,1.474,61
BiGRU+BiGRU,Hardswish,LeakyReLU,87.41,87.518,0.108,0.307,0.382,87.12,87.92,True,47,40,7,0.108,7
BiGRU+BiGRU,Hardswish,GELU,87.67,87.516,-0.154,0.263,0.326,87.14,87.85,True,16,41,-25,0.154,25
BiGRU+BiGRU,ReLU,SiLU,87.84,87.514,-0.326,0.249,0.309,87.12,87.81,False,9,42,-33,0.326,33
BiGRU+BiGRU,ReLU,Tanh,86.02,87.514,1.494,0.32,0.397,86.95,87.72,False,100,42,58,1.494,58
BiGRU+BiGRU,ELU,GELU,87.38,87.506,0.126,0.172,0.214,87.3,87.69,True,51,44,7,0.126,7
BiGRU+BiGRU,PReLU,Hardswish,86.83,87.506,0.676,0.219,0.272,87.2,87.72,False,83,44,39,0.676,39
BiGRU+BiGRU,Tanh,PReLU,87.43,87.506,0.076,0.252,0.313,87.1,87.7,True,45,44,1,0.076,1
BiGRU+BiGRU,Tanh,GELU,87.19,87.504,0.314,0.117,0.146,87.35,87.67,False,66,47,19,0.314,19
BiGRU+BiGRU,PReLU,SiLU,87.34,87.502,0.162,0.261,0.324,87.21,87.83,True,56,48,8,0.162,8
BiGRU+BiGRU,ELU,PReLU,86.79,87.498,0.708,0.337,0.418,87.1,87.89,False,87,49,38,0.708,38
BiGRU+BiGRU,Mish,PReLU,86.69,87.498,0.808,0.234,0.291,87.18,87.79,False,92,49,43,0.808,43
BiGRU+BiGRU,ReLU,Mish,88.03,87.494,-0.536,0.312,0.388,87.09,87.81,False,2,51,-49,0.536,49
BiGRU+BiGRU,Tanh,Mish,87.06,87.494,0.434,0.3,0.372,87.04,87.87,False,73,51,22,0.434,22
BiGRU+BiGRU,ELU,LeakyReLU,86.4,87.494,1.094,0.318,0.395,87.17,87.96,False,97,51,46,1.094,46
BiGRU+BiGRU,LeakyReLU,Mish,87.53,87.48,-0.05,0.298,0.37,87.05,87.78,True,34,54,-20,0.05,20
BiGRU+BiGRU,Mish,SELU,87.17,87.48,0.31,0.334,0.415,87.1,87.88,True,68,54,14,0.31,14
BiGRU+BiGRU,ReLU,LeakyReLU,87.62,87.474,-0.146,0.478,0.593,86.79,88.11,True,24,56,-32,0.146,32
BiGRU+BiGRU,SiLU,Tanh,87.52,87.472,-0.048,0.36,0.447,86.93,87.79,True,35,57,-22,0.048,22
BiGRU+BiGRU,ELU,Tanh,86.7,87.472,0.772,0.288,0.358,87.14,87.73,False,91,57,34,0.772,34
BiGRU+BiGRU,GELU,PReLU,87.3,87.47,0.17,0.274,0.34,87.01,87.7,True,57,59,-2,0.17,2
BiGRU+BiGRU,SELU,Mish,87.13,87.464,0.334,0.136,0.169,87.24,87.59,False,71,60,11,0.334,11
BiGRU+BiGRU,PReLU,LeakyReLU,87.58,87.462,-0.118,0.477,0.592,86.66,87.88,True,30,61,-31,0.118,31
BiGRU+BiGRU,Hardswish,SELU,87.47,87.456,-0.014,0.248,0.308,87.1,87.8,True,42,62,-20,0.014,20
BiGRU+BiGRU,PReLU,SELU,87.69,87.452,-0.238,0.244,0.303,87.17,87.69,True,14,63,-49,0.238,49
BiGRU+BiGRU,LeakyReLU,LeakyReLU,87.19,87.448,0.258,0.346,0.43,86.88,87.75,True,66,64,2,0.258,2
BiGRU+BiGRU,Hardswish,ELU,87.52,87.43,-0.09,0.345,0.429,86.86,87.77,True,35,65,-30,0.09,30
BiGRU+BiGRU,ELU,Hardswish,87.44,87.428,-0.012,0.276,0.343,87.18,87.86,True,44,66,-22,0.012,22
BiGRU+BiGRU,Mish,ReLU,87.21,87.426,0.216,0.348,0.432,87.04,87.95,True,64,67,-3,0.216,3
BiGRU+BiGRU,PReLU,PReLU,87.21,87.424,0.214,0.39,0.484,86.82,87.85,True,64,68,-4,0.214,4
BiGRU+BiGRU,SELU,PReLU,86.69,87.418,0.728,0.188,0.233,87.09,87.54,False,92,69,23,0.728,23
BiGRU+BiGRU,SiLU,ELU,87.75,87.418,-0.332,0.41,0.509,86.85,87.89,True,13,69,-56,0.332,56
BiGRU+BiGRU,Hardswish,PReLU,86.83,87.414,0.584,0.441,0.548,86.81,87.84,False,83,71,12,0.584,12
BiGRU+BiGRU,SiLU,ReLU,87.39,87.406,0.016,0.355,0.441,86.88,87.75,True,49,72,-23,0.016,23
BiGRU+BiGRU,SELU,Hardswish,87.22,87.406,0.186,0.594,0.737,86.38,87.86,True,63,72,-9,0.186,9
BiGRU+BiGRU,PReLU,GELU,86.64,87.404,0.764,0.331,0.411,86.93,87.82,False,95,74,21,0.764,21
BiGRU+BiGRU,ReLU,ELU,87.59,87.402,-0.188,0.358,0.445,87.02,87.92,True,29,75,-46,0.188,46
BiGRU+BiGRU,PReLU,Tanh,86.99,87.4,0.41,0.285,0.354,87.02,87.74,False,76,76,0,0.41,0
BiGRU+BiGRU,Mish,Tanh,87.62,87.398,-0.222,0.298,0.371,86.97,87.69,True,24,77,-53,0.222,53
BiGRU+BiGRU,LeakyReLU,ReLU,87.61,87.388,-0.222,0.226,0.28,87.01,87.58,True,26,78,-52,0.222,52
BiGRU+BiGRU,SELU,GELU,87.3,87.38,0.08,0.32,0.398,86.94,87.69,True,57,79,-22,0.08,22
BiGRU+BiGRU,LeakyReLU,Tanh,87.35,87.38,0.03,0.158,0.196,87.22,87.57,True,54,79,-25,0.03,25
BiGRU+BiGRU,PReLU,ELU,87.65,87.376,-0.274,0.325,0.404,86.98,87.85,True,20,81,-61,0.274,61
BiGRU+BiGRU,SELU,SELU,87.82,87.37,-0.45,0.212,0.263,87.17,87.72,False,10,82,-72,0.45,72
BiGRU+BiGRU,ELU,ReLU,86.82,87.366,0.546,0.294,0.366,86.99,87.81,False,85,83,2,0.546,2
BiGRU+BiGRU,Tanh,SELU,87.16,87.362,0.202,0.59,0.732,86.37,87.94,True,69,84,-15,0.202,15
BiGRU+BiGRU,Tanh,Hardswish,88.06,87.36,-0.7,0.451,0.56,86.58,87.71,False,1,85,-84,0.7,84
BiGRU+BiGRU,LeakyReLU,PReLU,86.79,87.36,0.57,0.2,0.249,87.05,87.55,False,87,85,2,0.57,2
BiGRU+BiGRU,ELU,SiLU,87.67,87.356,-0.314,0.324,0.403,86.91,87.78,True,16,87,-71,0.314,71
BiGRU+BiGRU,GELU,LeakyReLU,87.64,87.35,-0.29,0.352,0.437,86.98,87.77,True,22,88,-66,0.29,66
BiGRU+BiGRU,GELU,Tanh,86.89,87.332,0.442,0.429,0.532,86.74,87.8,True,80,89,-9,0.442,9
BiGRU+BiGRU,Tanh,SiLU,87.4,87.332,-0.068,0.485,0.602,86.52,87.72,True,48,89,-41,0.068,41
BiGRU+BiGRU,ELU,SELU,87.35,87.32,-0.03,0.27,0.335,86.88,87.52,True,54,91,-37,0.03,37
BiGRU+BiGRU,ReLU,SELU,87.39,87.316,-0.074,0.35,0.434,86.92,87.68,True,49,92,-43,0.074,43
BiGRU+BiGRU,ELU,Mish,87.01,87.298,0.288,0.366,0.455,86.66,87.59,True,74,93,-19,0.288,19
BiGRU+BiGRU,Tanh,Tanh,86.91,87.296,0.386,0.201,0.25,87.01,87.5,False,78,94,-16,0.386,16
BiGRU+BiGRU,LeakyReLU,ELU,86.9,87.268,0.368,0.289,0.358,87.02,87.68,False,79,95,-16,0.368,16
BiGRU+BiGRU,GELU,SELU,87.88,87.266,-0.614,0.351,0.436,86.69,87.63,False,5,96,-91,0.614,91
BiGRU+BiGRU,SELU,SiLU,86.65,87.26,0.61,0.44,0.546,86.48,87.54,False,94,97,-3,0.61,3
BiGRU+BiGRU,Tanh,ELU,87.36,87.212,-0.148,0.276,0.342,86.83,87.47,True,53,98,-45,0.148,45
BiGRU+BiGRU,SELU,ELU,87.8,87.196,-0.604,0.46,0.571,86.47,87.69,False,11,99,-88,0.604,88
BiGRU+BiGRU,SELU,Tanh,87.48,87.142,-0.338,0.313,0.389,86.72,87.5,True,41,100,-59,0.338,59
BiGRU+GRU,ReLU,LeakyReLU,87.81,87.806,-0.004,0.167,0.207,87.52,87.93,True,19,1,18,0.004,18
BiGRU+GRU,PReLU,ReLU,87.73,87.712,-0.018,0.175,0.218,87.48,87.87,True,26,2,24,0.018,24
BiGRU+GRU,Tanh,GELU,87.98,87.712,-0.268,0.288,0.357,87.42,88.1,True,8,2,6,0.268,6
BiGRU+GRU,PReLU,GELU,87.33,87.682,0.352,0.277,0.344,87.21,87.89,False,66,4,62,0.352,62
BiGRU+GRU,SiLU,GELU,87.1,87.682,0.582,0.18,0.223,87.43,87.86,False,85,4,81,0.582,81
BiGRU+GRU,SELU,Tanh,87.29,87.672,0.382,0.305,0.378,87.47,88.21,False,70,6,64,0.382,64
BiGRU+GRU,ReLU,GELU,87.74,87.67,-0.07,0.195,0.242,87.48,87.94,True,25,7,18,0.07,18
BiGRU+GRU,PReLU,SiLU,87.87,87.65,-0.22,0.268,0.333,87.36,88.0,True,16,8,8,0.22,8
BiGRU+GRU,Tanh,LeakyReLU,87.24,87.63,0.39,0.305,0.379,87.13,87.87,False,76,9,67,0.39,67
BiGRU+GRU,Hardswish,GELU,87.08,87.626,0.546,0.297,0.369,87.24,87.87,False,86,10,76,0.546,76
BiGRU+GRU,SiLU,ELU,87.35,87.626,0.276,0.332,0.413,87.34,88.16,True,60,10,50,0.276,50
BiGRU+GRU,Hardswish,Mish,87.4,87.626,0.226,0.171,0.212,87.37,87.81,False,57,10,47,0.226,47
BiGRU+GRU,ELU,SiLU,87.32,87.626,0.306,0.27,0.335,87.38,88.07,True,68,10,58,0.306,58
BiGRU+GRU,Hardswish,ReLU,87.44,87.622,0.182,0.325,0.404,87.09,87.86,True,54,14,40,0.182,40
BiGRU+GRU,SELU,Hardswish,87.33,87.612,0.282,0.434,0.539,86.88,87.97,True,66,15,51,0.282,51
BiGRU+GRU,SiLU,SELU,86.92,87.606,0.686,0.268,0.333,87.3,87.91,False,91,16,75,0.686,75
BiGRU+GRU,ELU,Mish,87.29,87.602,0.312,0.163,0.202,87.37,87.77,False,70,17,53,0.312,53
BiGRU+GRU,ReLU,Tanh,87.43,87.602,0.172,0.237,0.294,87.31,87.88,True,55,17,38,0.172,38
BiGRU+GRU,LeakyReLU,SiLU,86.8,87.602,0.802,0.422,0.524,87.03,88.11,False,93,17,76,0.802,76
BiGRU+GRU,LeakyReLU,GELU,87.24,87.6,0.36,0.29,0.36,87.29,88.03,True,76,20,56,0.36,56
BiGRU+GRU,GELU,Tanh,87.13,87.598,0.468,0.282,0.35,87.26,88.01,False,82,21,61,0.468,61
BiGRU+GRU,SiLU,SiLU,87.65,87.598,-0.052,0.219,0.272,87.43,87.94,True,33,21,12,0.052,12
BiGRU+GRU,ELU,PReLU,88.02,87.594,-0.426,0.396,0.492,86.96,87.96,True,4,23,-19,0.426,19
BiGRU+GRU,PReLU,PReLU,87.52,87.592,0.072,0.406,0.504,87.09,88.22,True,47,24,23,0.072,23
BiGRU+GRU,Hardswish,LeakyReLU,86.96,87.59,0.63,0.251,0.312,87.3,87.83,False,89,25,64,0.63,64
BiGRU+GRU,SiLU,Hardswish,87.58,87.59,0.01,0.333,0.414,87.18,87.94,True,39,25,14,0.01,14
BiGRU+GRU,GELU,Hardswish,87.26,87.588,0.328,0.253,0.315,87.26,87.91,False,73,27,46,0.328,46
BiGRU+GRU,PReLU,Hardswish,86.4,87.58,1.18,0.338,0.419,87.07,87.95,False,98,28,70,1.18,70
BiGRU+GRU,Mish,Mish,87.79,87.576,-0.214,0.303,0.376,87.24,87.83,True,21,29,-8,0.214,8
BiGRU+GRU,Mish,PReLU,87.73,87.57,-0.16,0.2,0.249,87.34,87.82,True,26,30,-4,0.16,4
BiGRU+GRU,GELU,GELU,87.48,87.57,0.09,0.396,0.492,86.97,87.96,True,51,30,21,0.09,21
BiGRU+GRU,GELU,PReLU,87.8,87.566,-0.234,0.406,0.505,86.89,87.94,True,20,32,-12,0.234,12
BiGRU+GRU,LeakyReLU,ReLU,87.94,87.56,-0.38,0.254,0.316,87.3,87.89,False,11,33,-22,0.38,22
BiGRU+GRU,Mish,GELU,87.96,87.55,-0.41,0.215,0.267,87.25,87.76,False,9,34,-25,0.41,25
BiGRU+GRU,SELU,ELU,85.68,87.544,1.864,0.292,0.362,87.09,87.83,False,100,35,65,1.864,65
BiGRU+GRU,SiLU,PReLU,87.76,87.544,-0.216,0.503,0.624,87.03,88.05,True,22,35,-13,0.216,13
BiGRU+GRU,Hardswish,Tanh,85.82,87.534,1.714,0.272,0.338,87.06,87.74,False,99,37,62,1.714,62
BiGRU+GRU,PReLU,ELU,88.04,87.532,-0.508,0.188,0.234,87.25,87.75,False,2,38,-36,0.508,36
BiGRU+GRU,SELU,SiLU,87.24,87.53,0.29,0.316,0.392,86.97,87.71,True,76,39,37,0.29,37
BiGRU+GRU,Hardswish,Hardswish,87.53,87.528,-0.002,0.327,0.406,86.99,87.86,True,46,40,6,0.002,6
BiGRU+GRU,GELU,Mish,87.59,87.524,-0.066,0.27,0.335,87.26,87.89,True,38,41,-3,0.066,3
BiGRU+GRU,SiLU,LeakyReLU,87.49,87.52,0.03,0.175,0.217,87.24,87.72,True,50,42,8,0.03,8
BiGRU+GRU,Mish,SiLU,87.62,87.52,-0.1,0.286,0.355,87.27,87.92,True,36,42,-6,0.1,6
BiGRU+GRU,ELU,GELU,88.01,87.518,-0.492,0.492,0.611,86.64,87.76,True,5,44,-39,0.492,39
BiGRU+GRU,Mish,ReLU,87.56,87.514,-0.046,0.387,0.48,86.86,87.86,True,41,45,-4,0.046,4
BiGRU+GRU,ELU,Hardswish,87.71,87.51,-0.2,0.499,0.62,86.75,88.0,True,30,46,-16,0.2,16
BiGRU+GRU,LeakyReLU,Hardswish,87.88,87.506,-0.374,0.126,0.157,87.31,87.64,False,15,47,-32,0.374,32
BiGRU+GRU,SiLU,Tanh,87.76,87.506,-0.254,0.433,0.538,86.76,87.86,True,22,47,-25,0.254,25
BiGRU+GRU,Tanh,Hardswish,87.11,87.502,0.392,0.313,0.388,87.02,87.84,False,84,49,35,0.392,35
BiGRU+GRU,GELU,ELU,87.19,87.5,0.31,0.353,0.438,87.15,88.09,True,80,50,30,0.31,30
BiGRU+GRU,SELU,GELU,87.73,87.492,-0.238,0.343,0.426,87.17,87.88,True,26,51,-25,0.238,25
BiGRU+GRU,ReLU,ReLU,87.34,87.488,0.148,0.31,0.385,87.09,87.86,True,65,52,13,0.148,13
BiGRU+GRU,PReLU,SELU,87.25,87.482,0.232,0.425,0.528,86.83,88.01,True,74,53,21,0.232,21
BiGRU+GRU,ReLU,Hardswish,87.39,87.478,0.088,0.403,0.5,86.81,87.9,True,58,54,4,0.088,4
BiGRU+GRU,SELU,SELU,87.5,87.478,-0.022,0.58,0.72,86.62,88.12,True,49,54,-5,0.022,5
BiGRU+GRU,LeakyReLU,Mish,87.35,87.474,0.124,0.192,0.238,87.14,87.62,True,60,56,4,0.124,4
BiGRU+GRU,Mish,Hardswish,86.53,87.472,0.942,0.419,0.521,87.0,87.95,False,95,57,38,0.942,38
BiGRU+GRU,LeakyReLU,ELU,87.73,87.47,-0.26,0.421,0.523,86.92,87.98,True,26,58,-32,0.26,32
BiGRU+GRU,SELU,Mish,87.19,87.462,0.272,0.309,0.384,87.08,87.89,True,80,59,21,0.272,21
BiGRU+GRU,PReLU,Mish,86.99,87.462,0.472,0.114,0.142,87.29,87.56,False,88,59,29,0.472,29
BiGRU+GRU,ELU,ELU,87.35,87.46,0.11,0.474,0.589,86.66,87.93,True,60,61,-1,0.11,1
BiGRU+GRU,LeakyReLU,PReLU,87.52,87.458,-0.062,0.348,0.432,86.88,87.76,True,47,62,-15,0.062,15
BiGRU+GRU,GELU,SELU,87.76,87.452,-0.308,0.417,0.517,86.99,87.88,True,22,63,-41,0.308,41
BiGRU+GRU,Tanh,Mish,87.69,87.452,-0.238,0.342,0.425,86.89,87.81,True,31,63,-32,0.238,32
BiGRU+GRU,PReLU,Tanh,86.52,87.448,0.928,0.527,0.654,86.89,88.07,False,96,65,31,0.928,31
BiGRU+GRU,Mish,SELU,87.9,87.432,-0.468,0.508,0.63,86.87,88.18,True,14,66,-52,0.468,52
BiGRU+GRU,GELU,SiLU,88.03,87.432,-0.598,0.154,0.191,87.25,87.6,False,3,66,-63,0.598,63
BiGRU+GRU,ELU,Tanh,87.28,87.428,0.148,0.245,0.305,87.14,87.73,True,72,68,4,0.148,4
BiGRU+GRU,Hardswish,PReLU,87.62,87.424,-0.196,0.183,0.227,87.22,87.64,True,36,69,-33,0.196,33
BiGRU+GRU,Hardswish,SiLU,87.54,87.422,-0.118,0.46,0.571,86.82,87.9,True,44,70,-26,0.118,26
BiGRU+GRU,Mish,ELU,87.54,87.418,-0.122,0.269,0.334,87.05,87.67,True,44,71,-27,0.122,27
BiGRU+GRU,Hardswish,SELU,87.68,87.416,-0.264,0.377,0.468,86.76,87.72,True,32,72,-40,0.264,40
BiGRU+GRU,PReLU,LeakyReLU,87.0,87.408,0.408,0.437,0.542,86.66,87.69,True,87,73,14,0.408,14
BiGRU+GRU,LeakyReLU,LeakyReLU,87.46,87.404,-0.056,0.708,0.88,86.18,87.88,True,52,74,-22,0.056,22
BiGRU+GRU,SELU,ReLU,87.38,87.402,0.022,0.318,0.394,86.95,87.84,True,59,75,-16,0.022,16
BiGRU+GRU,GELU,LeakyReLU,86.95,87.398,0.448,0.549,0.681,86.57,87.91,True,90,76,14,0.448,14
BiGRU+GRU,LeakyReLU,Tanh,88.05,87.388,-0.662,0.55,0.682,86.7,88.2,True,1,77,-76,0.662,76
BiGRU+GRU,ReLU,Mish,87.94,87.388,-0.552,0.699,0.868,86.17,87.96,True,11,77,-66,0.552,66
BiGRU+GRU,GELU,ReLU,87.25,87.382,0.132,0.187,0.232,87.06,87.55,True,74,79,-5,0.132,5
BiGRU+GRU,Tanh,ELU,87.42,87.354,-0.066,0.144,0.179,87.16,87.53,True,56,80,-24,0.066,24
BiGRU+GRU,SiLU,Mish,87.85,87.346,-0.504,0.381,0.473,86.73,87.72,False,17,81,-64,0.504,64
BiGRU+GRU,Mish,Tanh,87.32,87.342,0.022,0.325,0.404,86.82,87.62,True,68,82,-14,0.022,14
BiGRU+GRU,Tanh,SiLU,87.55,87.332,-0.218,0.446,0.553,86.64,87.78,True,43,83,-40,0.218,40
BiGRU+GRU,Tanh,PReLU,87.56,87.326,-0.234,0.222,0.276,87.06,87.56,True,41,84,-43,0.234,43
BiGRU+GRU,ReLU,ELU,87.45,87.322,-0.128,0.668,0.83,86.45,87.92,True,53,85,-32,0.128,32
BiGRU+GRU,ReLU,PReLU,87.35,87.31,-0.04,0.207,0.257,87.13,87.57,True,60,86,-26,0.04,26
BiGRU+GRU,ReLU,SiLU,87.82,87.304,-0.516,0.549,0.682,86.33,87.61,True,18,87,-69,0.516,69
BiGRU+GRU,Mish,LeakyReLU,87.64,87.29,-0.35,0.546,0.678,86.4,87.76,True,35,88,-53,0.35,53
BiGRU+GRU,LeakyReLU,SELU,88.0,87.28,-0.72,0.457,0.567,86.93,88.08,False,6,89,-83,0.72,83
BiGRU+GRU,Hardswish,ELU,87.12,87.28,0.16,0.392,0.487,86.63,87.62,True,83,89,-6,0.16,6
BiGRU+GRU,SELU,PReLU,87.65,87.252,-0.398,0.319,0.396,86.89,87.61,False,33,91,-58,0.398,58
BiGRU+GRU,SiLU,ReLU,86.63,87.234,0.604,0.439,0.545,86.76,87.75,False,94,92,2,0.604,2
BiGRU+GRU,ELU,ReLU,87.99,87.218,-0.772,0.65,0.807,86.32,87.98,True,7,93,-86,0.772,86
BiGRU+GRU,ELU,LeakyReLU,87.92,87.21,-0.71,0.51,0.633,86.55,87.75,False,13,94,-81,0.71,81
BiGRU+GRU,Tanh,SELU,86.49,87.206,0.716,0.246,0.306,86.86,87.49,False,97,95,2,0.716,2
BiGRU+GRU,ELU,SELU,87.96,87.2,-0.76,0.34,0.422,86.7,87.6,False,9,96,-87,0.76,87
BiGRU+GRU,ReLU,SELU,87.35,87.186,-0.164,0.777,0.965,85.82,87.67,True,60,97,-37,0.164,37
BiGRU+GRU,Tanh,Tanh,87.21,87.15,-0.06,0.272,0.337,86.91,87.53,True,79,98,-19,0.06,19
BiGRU+GRU,SELU,LeakyReLU,87.58,87.124,-0.456,0.329,0.408,86.73,87.5,False,39,99,-60,0.456,60
BiGRU+GRU,Tanh,ReLU,86.89,87.116,0.226,0.509,0.632,86.25,87.53,True,92,100,-8,0.226,8
BiLSTM+BiLSTM,ReLU,Hardswish,87.0,87.136,0.136,0.261,0.324,86.83,87.53,True,40,1,39,0.136,39
BiLSTM+BiLSTM,LeakyReLU,Mish,86.51,87.126,0.616,0.272,0.338,86.88,87.59,False,73,2,71,0.616,71
BiLSTM+BiLSTM,PReLU,SiLU,86.52,87.126,0.606,0.546,0.678,86.42,87.68,True,72,2,70,0.606,70
BiLSTM+BiLSTM,Hardswish,Tanh,86.69,87.064,0.374,0.346,0.43,86.57,87.38,True,59,4,55,0.374,55
BiLSTM+BiLSTM,GELU,Mish,86.61,87.056,0.446,0.31,0.385,86.61,87.44,False,65,5,60,0.446,60
BiLSTM+BiLSTM,ReLU,ReLU,86.85,87.042,0.192,0.237,0.294,86.85,87.41,True,50,6,44,0.192,44
BiLSTM+BiLSTM,SiLU,ELU,86.3,87.034,0.734,0.659,0.818,85.97,87.67,True,87,7,80,0.734,80
BiLSTM+BiLSTM,Mish,SiLU,86.36,87.03,0.67,0.402,0.499,86.66,87.64,False,84,8,76,0.67,76
BiLSTM+BiLSTM,ReLU,ELU,87.46,87.022,-0.438,0.306,0.38,86.71,87.45,False,5,9,-4,0.438,4
BiLSTM+BiLSTM,PReLU,ELU,86.94,87.014,0.074,0.442,0.549,86.5,87.35,True,46,10,36,0.074,36
BiLSTM+BiLSTM,ReLU,Tanh,86.54,87.004,0.464,0.633,0.786,86.12,87.82,True,70,11,59,0.464,59
BiLSTM+BiLSTM,SELU,LeakyReLU,87.04,87.002,-0.038,0.433,0.538,86.48,87.58,True,36,12,24,0.038,24
BiLSTM+BiLSTM,SELU,SiLU,87.22,87.002,-0.218,0.378,0.469,86.49,87.46,True,22,12,10,0.218,10
BiLSTM+BiLSTM,GELU,ELU,87.01,86.99,-0.02,0.364,0.452,86.43,87.4,True,39,14,25,0.02,25
BiLSTM+BiLSTM,GELU,ReLU,85.59,86.986,1.396,0.547,0.679,86.27,87.77,False,96,15,81,1.396,81
BiLSTM+BiLSTM,GELU,LeakyReLU,86.83,86.956,0.126,0.18,0.223,86.82,87.24,True,51,16,35,0.126,35
BiLSTM+BiLSTM,Mish,ELU,87.38,86.95,-0.43,0.496,0.615,86.46,87.61,True,10,17,-7,0.43,7
BiLSTM+BiLSTM,LeakyReLU,ReLU,87.38,86.94,-0.44,0.67,0.831,86.4,87.71,True,10,18,-8,0.44,8
BiLSTM+BiLSTM,SiLU,Tanh,86.48,86.92,0.44,0.404,0.501,86.48,87.34,True,76,19,57,0.44,57
BiLSTM+BiLSTM,PReLU,Tanh,86.61,86.92,0.31,0.319,0.395,86.36,87.14,True,65,19,46,0.31,46
BiLSTM+BiLSTM,GELU,GELU,85.49,86.912,1.422,0.33,0.409,86.41,87.21,False,99,21,78,1.422,78
BiLSTM+BiLSTM,Mish,Hardswish,87.26,86.898,-0.362,0.493,0.612,86.33,87.47,True,19,22,-3,0.362,3
BiLSTM+BiLSTM,Mish,GELU,86.68,86.898,0.218,0.713,0.885,85.66,87.45,True,61,22,39,0.218,39
BiLSTM+BiLSTM,ELU,ReLU,87.42,86.892,-0.528,0.654,0.812,85.81,87.51,True,7,24,-17,0.528,17
BiLSTM+BiLSTM,Mish,ReLU,87.21,86.892,-0.318,0.266,0.331,86.54,87.16,True,24,24,0,0.318,0
BiLSTM+BiLSTM,PReLU,LeakyReLU,87.13,86.884,-0.246,0.432,0.537,86.31,87.39,True,31,26,5,0.246,5
BiLSTM+BiLSTM,Tanh,LeakyReLU,87.02,86.874,-0.146,0.635,0.788,86.02,87.81,True,38,27,11,0.146,11
BiLSTM+BiLSTM,Hardswish,GELU,85.56,86.872,1.312,0.752,0.933,85.77,87.79,False,98,28,70,1.312,70
BiLSTM+BiLSTM,ELU,Mish,86.47,86.86,0.39,0.472,0.586,86.2,87.47,True,77,29,48,0.39,48
BiLSTM+BiLSTM,ReLU,SiLU,86.3,86.858,0.558,0.724,0.9,85.98,87.66,True,87,30,57,0.558,57
BiLSTM+BiLSTM,PReLU,ReLU,86.98,86.858,-0.122,0.204,0.253,86.61,87.16,True,44,30,14,0.122,14
BiLSTM+BiLSTM,SELU,Hardswish,87.41,86.856,-0.554,0.36,0.447,86.57,87.44,False,8,32,-24,0.554,24
BiLSTM+BiLSTM,SELU,Mish,87.34,86.854,-0.486,0.405,0.503,86.32,87.31,True,15,33,-18,0.486,18
BiLSTM+BiLSTM,LeakyReLU,ELU,86.82,86.85,0.03,0.595,0.739,86.15,87.52,True,52,34,18,0.03,18
BiLSTM+BiLSTM,Hardswish,ReLU,87.14,86.848,-0.292,0.35,0.435,86.44,87.28,True,29,35,-6,0.292,6
BiLSTM+BiLSTM,PReLU,Mish,87.53,86.834,-0.696,0.473,0.587,86.27,87.27,False,2,36,-34,0.696,34
BiLSTM+BiLSTM,ELU,Hardswish,86.39,86.832,0.442,0.48,0.596,86.11,87.38,True,80,37,43,0.442,43
BiLSTM+BiLSTM,LeakyReLU,PReLU,87.51,86.826,-0.684,0.608,0.754,86.23,87.67,True,3,38,-35,0.684,35
BiLSTM+BiLSTM,Mish,Mish,85.95,86.818,0.868,0.597,0.741,86.15,87.56,False,93,39,54,0.868,54
BiLSTM+BiLSTM,LeakyReLU,Tanh,87.35,86.818,-0.532,0.25,0.31,86.47,87.09,False,13,39,-26,0.532,26
BiLSTM+BiLSTM,SiLU,ReLU,86.99,86.812,-0.178,0.22,0.273,86.57,87.16,True,42,41,1,0.178,1
BiLSTM+BiLSTM,Mish,SELU,86.68,86.808,0.128,0.44,0.547,86.2,87.25,True,61,42,19,0.128,19
BiLSTM+BiLSTM,ReLU,GELU,86.15,86.806,0.656,0.301,0.373,86.39,87.13,False,90,43,47,0.656,47
BiLSTM+BiLSTM,LeakyReLU,Hardswish,86.35,86.804,0.454,0.666,0.827,85.76,87.44,True,85,44,41,0.454,41
BiLSTM+BiLSTM,Hardswish,Hardswish,86.88,86.804,-0.076,0.549,0.682,86.02,87.4,True,48,44,4,0.076,4
BiLSTM+BiLSTM,Tanh,SELU,87.05,86.792,-0.258,0.788,0.978,85.44,87.32,True,35,46,-11,0.258,11
BiLSTM+BiLSTM,ReLU,SELU,87.23,86.792,-0.438,0.212,0.264,86.56,87.08,False,21,46,-25,0.438,25
BiLSTM+BiLSTM,Hardswish,SELU,85.69,86.79,1.1,0.515,0.64,86.33,87.58,False,95,48,47,1.1,47
BiLSTM+BiLSTM,Mish,Tanh,86.82,86.788,-0.032,0.717,0.89,85.64,87.55,True,52,49,3,0.032,3
BiLSTM+BiLSTM,LeakyReLU,GELU,87.09,86.784,-0.306,0.391,0.485,86.46,87.34,True,32,50,-18,0.306,18
BiLSTM+BiLSTM,Hardswish,LeakyReLU,87.16,86.78,-0.38,0.863,1.072,85.3,87.41,True,28,51,-23,0.38,23
BiLSTM+BiLSTM,LeakyReLU,LeakyReLU,86.79,86.776,-0.014,0.38,0.472,86.42,87.37,True,54,52,2,0.014,2
BiLSTM+BiLSTM,ELU,PReLU,86.39,86.768,0.378,0.452,0.561,86.37,87.53,True,80,53,27,0.378,27
BiLSTM+BiLSTM,GELU,SELU,87.14,86.766,-0.374,0.769,0.955,85.48,87.5,True,29,54,-25,0.374,25
BiLSTM+BiLSTM,GELU,SiLU,86.07,86.764,0.694,0.234,0.291,86.46,87.04,False,91,55,36,0.694,36
BiLSTM+BiLSTM,ReLU,LeakyReLU,86.59,86.744,0.154,0.308,0.383,86.4,87.17,True,68,56,12,0.154,12
BiLSTM+BiLSTM,ELU,SELU,86.34,86.742,0.402,0.483,0.6,85.95,87.09,True,86,57,29,0.402,29
BiLSTM+BiLSTM,Tanh,ELU,87.33,86.742,-0.588,0.64,0.794,85.88,87.54,True,17,57,-40,0.588,40
BiLSTM+BiLSTM,SiLU,Mish,86.63,86.738,0.108,0.509,0.632,86.16,87.48,True,63,59,4,0.108,4
BiLSTM+BiLSTM,SELU,PReLU,87.17,86.72,-0.45,0.448,0.556,86.13,87.17,True,27,60,-33,0.45,33
BiLSTM+BiLSTM,ELU,GELU,86.99,86.718,-0.272,0.651,0.808,85.75,87.38,True,42,61,-19,0.272,19
BiLSTM+BiLSTM,PReLU,GELU,85.45,86.716,1.266,0.412,0.512,86.15,87.19,False,100,62,38,1.266,38
BiLSTM+BiLSTM,SiLU,Hardswish,86.02,86.71,0.69,0.428,0.531,86.21,87.21,False,92,63,29,0.69,29
BiLSTM+BiLSTM,SiLU,GELU,87.34,86.706,-0.634,0.561,0.696,85.86,87.33,True,15,64,-49,0.634,49
BiLSTM+BiLSTM,ELU,ELU,87.37,86.702,-0.668,0.446,0.554,86.34,87.36,False,12,65,-53,0.668,53
BiLSTM+BiLSTM,SiLU,SELU,86.19,86.696,0.506,0.441,0.548,86.29,87.23,True,89,66,23,0.506,23
BiLSTM+BiLSTM,Hardswish,Mish,87.0,86.69,-0.31,0.425,0.528,86.2,87.33,True,40,67,-27,0.31,27
BiLSTM+BiLSTM,SELU,ELU,86.91,86.676,-0.234,0.51,0.633,85.78,87.05,True,47,68,-21,0.234,21
BiLSTM+BiLSTM,SELU,ReLU,86.39,86.676,0.286,0.182,0.226,86.58,87.0,False,80,68,12,0.286,12
BiLSTM+BiLSTM,Tanh,PReLU,86.61,86.666,0.056,0.317,0.393,86.25,87.06,True,65,70,-5,0.056,5
BiLSTM+BiLSTM,PReLU,PReLU,87.08,86.662,-0.418,0.469,0.582,86.06,87.11,True,33,71,-38,0.418,38
BiLSTM+BiLSTM,Tanh,SiLU,86.88,86.66,-0.22,1.05,1.304,84.84,87.52,True,48,72,-24,0.22,24
BiLSTM+BiLSTM,Hardswish,ELU,87.45,86.656,-0.794,0.497,0.618,86.32,87.53,False,6,73,-67,0.794,67
BiLSTM+BiLSTM,Tanh,Hardswish,85.58,86.656,1.076,0.502,0.624,86.2,87.5,False,97,73,24,1.076,24
BiLSTM+BiLSTM,SiLU,LeakyReLU,86.63,86.656,0.026,0.5,0.621,86.18,87.26,True,63,73,-10,0.026,10
BiLSTM+BiLSTM,Mish,LeakyReLU,87.19,86.652,-0.538,0.516,0.641,85.79,87.14,True,25,76,-51,0.538,51
BiLSTM+BiLSTM,SELU,Tanh,87.5,86.64,-0.86,0.788,0.979,85.47,87.55,True,4,77,-73,0.86,73
BiLSTM+BiLSTM,Tanh,Mish,86.95,86.624,-0.326,0.295,0.367,86.23,86.97,True,45,78,-33,0.326,33
BiLSTM+BiLSTM,ELU,SiLU,86.43,86.62,0.19,0.625,0.776,86.17,87.66,True,79,79,0,0.19,0
BiLSTM+BiLSTM,SiLU,SiLU,87.19,86.614,-0.576,0.809,1.004,85.29,87.51,True,25,80,-55,0.576,55
BiLSTM+BiLSTM,Hardswish,SiLU,86.53,86.59,0.06,0.499,0.62,85.88,87.07,True,71,81,-10,0.06,10
BiLSTM+BiLSTM,ReLU,Mish,87.26,86.588,-0.672,0.444,0.551,85.95,87.15,False,19,82,-63,0.672,63
BiLSTM+BiLSTM,PReLU,SELU,85.84,86.582,0.742,0.47,0.584,85.97,87.19,False,94,83,11,0.742,11
BiLSTM+BiLSTM,Mish,PReLU,87.22,86.576,-0.644,0.27,0.335,86.34,87.0,False,22,84,-62,0.644,62
BiLSTM+BiLSTM,LeakyReLU,SiLU,86.5,86.562,0.062,0.64,0.795,85.79,87.47,True,75,85,-10,0.062,10
BiLSTM+BiLSTM,Tanh,ReLU,86.71,86.56,-0.15,0.337,0.419,86.16,87.09,True,58,86,-28,0.15,28
BiLSTM+BiLSTM,ELU,Tanh,87.07,86.552,-0.518,0.537,0.667,86.14,87.48,True,34,87,-53,0.518,53
BiLSTM+BiLSTM,ELU,LeakyReLU,86.69,86.548,-0.142,0.502,0.624,85.65,86.79,True,59,88,-29,0.142,29
BiLSTM+BiLSTM,ReLU,PReLU,86.51,86.484,-0.026,0.575,0.714,85.53,86.92,True,73,89,-16,0.026,16
BiLSTM+BiLSTM,SELU,GELU,86.39,86.462,0.072,0.369,0.459,85.9,86.86,True,80,90,-10,0.072,10
BiLSTM+BiLSTM,Tanh,GELU,87.82,86.454,-1.366,0.76,0.943,85.16,87.12,False,1,91,-90,1.366,90
BiLSTM+BiLSTM,GELU,PReLU,86.76,86.416,-0.344,0.852,1.058,85.37,87.31,True,56,92,-36,0.344,36
BiLSTM+BiLSTM,GELU,Tanh,87.39,86.416,-0.974,0.76,0.943,85.37,87.27,False,9,92,-83,0.974,83
BiLSTM+BiLSTM,SiLU,PReLU,86.56,86.396,-0.164,0.734,0.911,85.37,87.28,True,69,94,-25,0.164,25
BiLSTM+BiLSTM,Hardswish,PReLU,87.31,86.386,-0.924,0.278,0.346,86.02,86.67,False,18,95,-77,0.924,77
BiLSTM+BiLSTM,PReLU,Hardswish,87.03,86.366,-0.664,0.73,0.906,85.07,86.78,True,37,96,-59,0.664,59
BiLSTM+BiLSTM,SELU,SELU,86.79,86.358,-0.432,0.722,0.897,85.52,87.14,True,54,97,-43,0.432,43
BiLSTM+BiLSTM,Tanh,Tanh,86.76,86.334,-0.426,0.849,1.055,85.62,87.44,True,56,98,-42,0.426,42
BiLSTM+BiLSTM,GELU,Hardswish,87.35,86.132,-1.218,0.828,1.028,85.23,87.21,False,13,99,-86,1.218,86
BiLSTM+BiLSTM,LeakyReLU,SELU,86.45,86.066,-0.384,0.926,1.15,85.06,87.43,True,78,100,-22,0.384,22
BiLSTM+LSTM,Hardswish,SiLU,86.75,87.164,0.414,0.492,0.61,86.4,87.65,True,52,1,51,0.414,51
BiLSTM+LSTM,ReLU,GELU,86.52,87.15,0.63,0.401,0.498,86.68,87.69,False,71,2,69,0.63,69
BiLSTM+LSTM,LeakyReLU,GELU,87.17,87.108,-0.062,0.48,0.596,86.26,87.39,True,16,3,13,0.062,13
BiLSTM+LSTM,LeakyReLU,ReLU,87.03,87.07,0.04,0.622,0.773,86.43,87.88,True,26,4,22,0.04,22
BiLSTM+LSTM,PReLU,Hardswish,86.78,87.062,0.282,0.231,0.287,86.86,87.44,True,50,5,45,0.282,45
BiLSTM+LSTM,ReLU,ReLU,86.59,87.06,0.47,0.457,0.568,86.5,87.55,True,64,6,58,0.47,58
BiLSTM+LSTM,PReLU,SELU,86.86,87.046,0.186,0.251,0.312,86.8,87.44,True,41,7,34,0.186,34
BiLSTM+LSTM,ELU,Mish,86.81,87.044,0.234,0.297,0.369,86.69,87.37,True,47,8,39,0.234,39
BiLSTM+LSTM,ReLU,Tanh,85.56,87.024,1.464,0.398,0.494,86.64,87.54,False,97,9,88,1.464,88
BiLSTM+LSTM,GELU,ELU,86.84,87.014,0.174,0.5,0.621,86.43,87.65,True,42,10,32,0.174,32
BiLSTM+LSTM,SiLU,Tanh,86.97,86.984,0.014,0.465,0.578,86.23,87.41,True,31,11,20,0.014,20
BiLSTM+LSTM,Tanh,SiLU,86.06,86.974,0.914,0.537,0.667,86.17,87.5,False,90,12,78,0.914,78
BiLSTM+LSTM,LeakyReLU,Mish,87.32,86.936,-0.384,0.55,0.683,86.22,87.74,True,9,13,-4,0.384,4
BiLSTM+LSTM,GELU,Hardswish,86.43,86.932,0.502,0.249,0.309,86.61,87.29,False,77,14,63,0.502,63
BiLSTM+LSTM,ELU,Tanh,84.95,86.93,1.98,0.457,0.568,86.55,87.72,False,98,15,83,1.98,83
BiLSTM+LSTM,SiLU,SiLU,87.17,86.926,-0.244,0.187,0.233,86.63,87.13,False,16,16,0,0.244,0
BiLSTM+LSTM,ELU,Hardswish,85.57,86.91,1.34,0.551,0.684,86.41,87.81,False,96,17,79,1.34,79
BiLSTM+LSTM,LeakyReLU,ELU,86.69,86.908,0.218,0.341,0.423,86.53,87.41,True,56,18,38,0.218,38
BiLSTM+LSTM,PReLU,ReLU,86.63,86.902,0.272,0.447,0.555,86.19,87.38,True,61,19,42,0.272,42
BiLSTM+LSTM,Hardswish,Mish,87.61,86.898,-0.712,0.362,0.449,86.38,87.3,False,2,20,-18,0.712,18
BiLSTM+LSTM,LeakyReLU,LeakyReLU,86.34,86.892,0.552,0.567,0.704,86.23,87.57,True,80,21,59,0.552,59
BiLSTM+LSTM,LeakyReLU,PReLU,86.04,86.874,0.834,0.348,0.433,86.48,87.35,False,91,22,69,0.834,69
BiLSTM+LSTM,ELU,ReLU,87.08,86.86,-0.22,0.821,1.02,85.45,87.55,True,24,23,1,0.22,1
BiLSTM+LSTM,Tanh,PReLU,86.43,86.86,0.43,0.34,0.422,86.47,87.3,False,77,23,54,0.43,54
BiLSTM+LSTM,SiLU,LeakyReLU,86.15,86.854,0.704,0.469,0.582,86.25,87.46,False,87,25,62,0.704,62
BiLSTM+LSTM,GELU,SiLU,86.56,86.824,0.264,0.239,0.296,86.53,87.03,True,67,26,41,0.264,41
BiLSTM+LSTM,SELU,Mish,86.55,86.81,0.26,0.69,0.857,85.86,87.59,True,69,27,42,0.26,42
BiLSTM+LSTM,SiLU,ReLU,87.16,86.81,-0.35,0.26,0.323,86.58,87.21,False,18,27,-9,0.35,9
BiLSTM+LSTM,SiLU,Hardswish,86.33,86.808,0.478,0.551,0.684,86.0,87.46,True,81,29,52,0.478,52
BiLSTM+LSTM,ReLU,Hardswish,86.8,86.8,0.0,0.272,0.338,86.41,87.13,True,48,30,18,0.0,18
BiLSTM+LSTM,ReLU,SiLU,86.28,86.792,0.512,0.369,0.458,86.21,87.16,False,83,31,52,0.512,52
BiLSTM+LSTM,ELU,ELU,86.49,86.768,0.278,0.511,0.635,86.09,87.36,True,74,32,42,0.278,42
BiLSTM+LSTM,ReLU,LeakyReLU,87.56,86.768,-0.792,0.254,0.315,86.45,87.03,False,3,32,-29,0.792,29
BiLSTM+LSTM,ReLU,ELU,86.9,86.764,-0.136,0.502,0.623,86.09,87.4,True,38,34,4,0.136,4
BiLSTM+LSTM,ReLU,PReLU,84.9,86.762,1.862,0.422,0.524,86.23,87.27,False,99,35,64,1.862,64
BiLSTM+LSTM,LeakyReLU,SiLU,86.55,86.758,0.208,0.541,0.672,86.17,87.54,True,69,36,33,0.208,33
BiLSTM+LSTM,Hardswish,ELU,86.62,86.756,0.136,0.45,0.559,86.19,87.23,True,62,37,25,0.136,25
BiLSTM+LSTM,GELU,Tanh,86.47,86.752,0.282,0.554,0.688,86.14,87.46,True,75,38,37,0.282,37
BiLSTM+LSTM,GELU,GELU,86.65,86.722,0.072,0.682,0.847,85.83,87.41,True,60,39,21,0.072,21
BiLSTM+LSTM,PReLU,PReLU,86.82,86.722,-0.098,0.591,0.734,85.8,87.37,True,44,39,5,0.098,5
BiLSTM+LSTM,SiLU,GELU,86.56,86.714,0.154,0.192,0.238,86.39,86.86,True,67,41,26,0.154,26
BiLSTM+LSTM,SiLU,SELU,86.42,86.7,0.28,0.482,0.599,86.0,87.26,True,79,42,37,0.28,37
BiLSTM+LSTM,PReLU,LeakyReLU,86.82,86.696,-0.124,0.449,0.558,86.13,87.36,True,44,43,1,0.124,1
BiLSTM+LSTM,Mish,LeakyReLU,86.3,86.686,0.386,0.287,0.356,86.28,87.06,False,82,44,38,0.386,38
BiLSTM+LSTM,Tanh,Mish,86.67,86.68,0.01,0.539,0.669,86.07,87.41,True,59,45,14,0.01,14
BiLSTM+LSTM,PReLU,SiLU,86.84,86.678,-0.162,0.816,1.014,85.41,87.47,True,42,46,-4,0.162,4
BiLSTM+LSTM,ELU,SELU,86.68,86.674,-0.006,0.538,0.668,85.73,87.04,True,57,47,10,0.006,10
BiLSTM+LSTM,ELU,GELU,87.37,86.672,-0.698,0.564,0.7,85.9,87.25,True,8,48,-40,0.698,40
BiLSTM+LSTM,SiLU,Mish,87.45,86.672,-0.778,0.597,0.741,86.07,87.38,False,7,48,-41,0.778,41
BiLSTM+LSTM,Mish,GELU,86.45,86.672,0.222,0.332,0.413,86.18,87.1,True,76,48,28,0.222,28
BiLSTM+LSTM,Tanh,LeakyReLU,87.1,86.66,-0.44,0.624,0.774,85.87,87.44,True,23,51,-28,0.44,28
BiLSTM+LSTM,Tanh,Tanh,87.46,86.648,-0.812,0.979,1.216,85.36,87.65,True,5,52,-47,0.812,47
BiLSTM+LSTM,Mish,Tanh,86.93,86.646,-0.284,0.691,0.859,85.53,87.41,True,35,53,-18,0.284,18
BiLSTM+LSTM,SELU,GELU,86.08,86.644,0.564,0.647,0.804,85.64,87.35,True,89,54,35,0.564,35
BiLSTM+LSTM,Mish,Mish,87.16,86.642,-0.518,0.357,0.443,86.17,87.12,False,18,55,-37,0.518,37
BiLSTM+LSTM,Mish,Hardswish,86.91,86.638,-0.272,0.758,0.941,85.65,87.61,True,37,56,-19,0.272,19
BiLSTM+LSTM,Hardswish,SELU,87.29,86.638,-0.652,0.408,0.507,86.17,87.2,False,11,56,-45,0.652,45
BiLSTM+LSTM,GELU,SELU,86.61,86.628,0.018,0.632,0.784,86.04,87.57,True,63,58,5,0.018,5
BiLSTM+LSTM,SELU,Hardswish,86.9,86.626,-0.274,0.176,0.218,86.35,86.76,False,38,59,-21,0.274,21
BiLSTM+LSTM,PReLU,Tanh,87.2,86.62,-0.58,0.424,0.526,86.0,87.01,False,15,60,-45,0.58,45
BiLSTM+LSTM,LeakyReLU,Hardswish,87.48,86.612,-0.868,0.517,0.642,86.13,87.27,False,4,61,-57,0.868,57
BiLSTM+LSTM,ELU,SiLU,86.82,86.612,-0.208,0.73,0.907,85.43,87.18,True,44,61,-17,0.208,17
BiLSTM+LSTM,GELU,PReLU,87.12,86.612,-0.508,0.51,0.633,85.9,87.15,True,22,61,-39,0.508,39
BiLSTM+LSTM,ReLU,SELU,87.25,86.61,-0.64,0.788,0.978,85.72,87.28,True,12,64,-52,0.64,52
BiLSTM+LSTM,GELU,LeakyReLU,85.92,86.608,0.688,0.528,0.656,86.02,87.44,False,94,65,29,0.688,29
BiLSTM+LSTM,ReLU,Mish,86.68,86.602,-0.078,0.458,0.569,86.08,87.09,True,57,66,-9,0.078,9
BiLSTM+LSTM,SELU,SiLU,86.79,86.594,-0.196,0.561,0.697,85.95,87.17,True,49,67,-18,0.196,18
BiLSTM+LSTM,Tanh,GELU,87.23,86.588,-0.642,0.635,0.788,85.48,87.03,True,13,68,-55,0.642,55
BiLSTM+LSTM,Tanh,ELU,86.95,86.584,-0.366,0.583,0.724,85.82,87.23,True,33,69,-36,0.366,36
BiLSTM+LSTM,Hardswish,ReLU,84.84,86.576,1.736,0.645,0.801,85.68,87.35,False,100,70,30,1.736,30
BiLSTM+LSTM,LeakyReLU,SELU,86.26,86.568,0.308,1.106,1.374,84.97,87.97,True,84,71,13,0.308,13
BiLSTM+LSTM,SELU,Tanh,86.52,86.558,0.038,0.415,0.515,85.91,87.06,True,71,72,-1,0.038,1
BiLSTM+LSTM,SiLU,ELU,86.74,86.546,-0.194,0.684,0.849,85.37,86.99,True,53,73,-20,0.194,20
BiLSTM+LSTM,Mish,SiLU,86.58,86.54,-0.04,0.822,1.021,85.53,87.46,True,65,74,-9,0.04,9
BiLSTM+LSTM,Hardswish,GELU,86.09,86.526,0.436,0.348,0.432,86.13,87.09,False,88,75,13,0.436,13
BiLSTM+LSTM,PReLU,Mish,86.95,86.514,-0.436,0.808,1.003,85.48,87.36,True,33,76,-43,0.436,43
BiLSTM+LSTM,SELU,LeakyReLU,86.71,86.504,-0.206,0.541,0.671,85.92,87.18,True,55,77,-22,0.206,22
BiLSTM+LSTM,Hardswish,Hardswish,86.58,86.502,-0.078,0.557,0.692,85.64,87.09,True,65,78,-13,0.078,13
BiLSTM+LSTM,Tanh,Hardswish,86.99,86.498,-0.492,0.345,0.428,86.05,86.98,False,28,79,-51,0.492,51
BiLSTM+LSTM,ELU,PReLU,86.24,86.486,0.246,0.334,0.414,85.91,86.77,True,86,80,6,0.246,6
BiLSTM+LSTM,GELU,ReLU,86.99,86.472,-0.518,0.72,0.894,85.44,87.15,True,28,81,-53,0.518,53
BiLSTM+LSTM,ELU,LeakyReLU,86.25,86.472,0.222,0.39,0.484,85.99,86.96,True,85,81,4,0.222,4
BiLSTM+LSTM,SELU,ELU,85.86,86.46,0.6,1.22,1.514,84.37,87.57,True,95,83,12,0.6,12
BiLSTM+LSTM,LeakyReLU,Tanh,85.98,86.434,0.454,0.73,0.907,85.71,87.57,True,92,84,8,0.454,8
BiLSTM+LSTM,SELU,PReLU,86.72,86.39,-0.33,0.522,0.648,85.47,86.77,True,54,85,-31,0.33,31
BiLSTM+LSTM,Hardswish,PReLU,86.89,86.39,-0.5,0.843,1.047,85.05,87.36,True,40,85,-45,0.5,45
BiLSTM+LSTM,PReLU,ELU,86.5,86.378,-0.122,1.007,1.25,85.26,87.71,True,73,87,-14,0.122,14
BiLSTM+LSTM,GELU,Mish,86.77,86.372,-0.398,0.292,0.362,86.21,86.89,False,51,88,-37,0.398,37
BiLSTM+LSTM,Mish,ReLU,87.08,86.3,-0.78,0.529,0.657,85.52,86.8,False,24,89,-65,0.78,65
BiLSTM+LSTM,Tanh,SELU,87.13,86.298,-0.832,1.026,1.274,84.61,87.15,True,21,90,-69,0.832,69
BiLSTM+LSTM,Tanh,ReLU,87.46,86.278,-1.182,0.633,0.786,85.23,86.95,False,5,91,-86,1.182,86
BiLSTM+LSTM,SELU,SELU,87.3,86.254,-1.046,0.477,0.592,85.59,86.83,False,10,92,-82,1.046,82
BiLSTM+LSTM,PReLU,GELU,87.22,86.252,-0.968,0.852,1.058,85.34,87.03,True,14,93,-79,0.968,79
BiLSTM+LSTM,SiLU,PReLU,85.95,86.25,0.3,0.691,0.858,85.37,86.94,True,93,94,-1,0.3,1
BiLSTM+LSTM,Mish,ELU,86.96,86.192,-0.768,0.541,0.672,85.42,86.6,False,32,95,-63,0.768,63
BiLSTM+LSTM,Hardswish,Tanh,87.01,86.164,-0.846,0.17,0.211,86.02,86.41,False,27,96,-69,0.846,69
BiLSTM+LSTM,SELU,ReLU,87.16,86.156,-1.004,1.021,1.268,84.94,87.55,True,18,97,-79,1.004,79
BiLSTM+LSTM,Mish,PReLU,87.66,86.138,-1.522,0.966,1.2,85.13,87.63,False,1,98,-97,1.522,97
BiLSTM+LSTM,Mish,SELU,86.98,85.938,-1.042,1.724,2.14,83.09,87.33,True,30,99,-69,1.042,69
BiLSTM+LSTM,Hardswish,LeakyReLU,86.92,82.056,-4.864,9.274,11.515,65.5,86.85,True,36,100,-64,4.864,64
